/*
 Navicat Premium Data Transfer

 Source Server         : mysql
 Source Server Type    : MySQL
 Source Server Version : 80026
 Source Host           : localhost:3306
 Source Schema         : exam_system

 Target Server Type    : MySQL
 Target Server Version : 80026
 File Encoding         : 65001

 Date: 21/11/2022 12:35:36
*/

SET NAMES utf8mb4;
SET FOREIGN_KEY_CHECKS = 0;

-- ----------------------------
-- Table structure for el_exam
-- ----------------------------
DROP TABLE IF EXISTS `el_exam`;
CREATE TABLE `el_exam`  (
  `id` varchar(64) CHARACTER SET utf8mb4 COLLATE utf8mb4_0900_ai_ci NOT NULL COMMENT 'ID',
  `title` varchar(255) CHARACTER SET utf8mb4 COLLATE utf8mb4_0900_ai_ci NOT NULL COMMENT '考试名称',
  `content` varchar(255) CHARACTER SET utf8mb4 COLLATE utf8mb4_0900_ai_ci NOT NULL DEFAULT '' COMMENT '考试描述',
  `open_type` int NOT NULL DEFAULT 1 COMMENT '1公开2部门3定员',
  `join_type` int NOT NULL COMMENT '组题方式1题库,2指定',
  `level` int NOT NULL DEFAULT 0 COMMENT '难度:0不限,1普通,2较难',
  `state` int NOT NULL DEFAULT 0 COMMENT '考试状态',
  `time_limit` tinyint NOT NULL DEFAULT 0 COMMENT '是否限时',
  `start_time` datetime NULL DEFAULT NULL COMMENT '开始时间',
  `end_time` datetime NULL DEFAULT NULL COMMENT '结束时间',
  `create_time` datetime NULL DEFAULT NULL COMMENT '创建时间',
  `update_time` datetime NULL DEFAULT NULL COMMENT '更新时间',
  `total_score` int NOT NULL DEFAULT 0 COMMENT '总分数',
  `total_time` int NOT NULL DEFAULT 0 COMMENT '总时长（分钟）',
  `qualify_score` int NOT NULL DEFAULT 0 COMMENT '及格分数',
  PRIMARY KEY (`id`) USING BTREE,
  INDEX `open_type`(`open_type`) USING BTREE,
  INDEX `level`(`level`) USING BTREE,
  INDEX `join_type`(`join_type`) USING BTREE
) ENGINE = InnoDB CHARACTER SET = utf8mb4 COLLATE = utf8mb4_0900_ai_ci COMMENT = '课程' ROW_FORMAT = Dynamic;

-- ----------------------------
-- Records of el_exam
-- ----------------------------
INSERT INTO `el_exam` VALUES ('1356425140212076545', '演示考试', 'test', 1, 1, 0, 0, 0, '2022-10-11 00:00:00', '2022-10-12 00:00:00', '2021-02-02 10:12:09', '2021-02-02 10:12:09', 40, 1, 20);
INSERT INTO `el_exam` VALUES ('1577198869263962113', 'test', 'test', 1, 1, 0, 0, 0, NULL, NULL, '2022-10-04 15:28:08', '2022-10-04 15:28:08', 4, 10, 4);

-- ----------------------------
-- Table structure for el_exam_depart
-- ----------------------------
DROP TABLE IF EXISTS `el_exam_depart`;
CREATE TABLE `el_exam_depart`  (
  `id` varchar(32) CHARACTER SET utf8mb4 COLLATE utf8mb4_0900_ai_ci NOT NULL DEFAULT '' COMMENT 'ID',
  `exam_id` varchar(32) CHARACTER SET utf8mb4 COLLATE utf8mb4_0900_ai_ci NOT NULL DEFAULT '' COMMENT '考试ID',
  `depart_id` varchar(32) CHARACTER SET utf8mb4 COLLATE utf8mb4_0900_ai_ci NOT NULL DEFAULT '' COMMENT '部门ID',
  PRIMARY KEY (`id`) USING BTREE,
  INDEX `exam_id`(`exam_id`) USING BTREE,
  INDEX `depart_id`(`depart_id`) USING BTREE
) ENGINE = InnoDB CHARACTER SET = utf8mb4 COLLATE = utf8mb4_0900_ai_ci COMMENT = '考试部门' ROW_FORMAT = Dynamic;

-- ----------------------------
-- Records of el_exam_depart
-- ----------------------------
INSERT INTO `el_exam_depart` VALUES ('1577198869398179842', '1577198869263962113', '1577198285018386434');
INSERT INTO `el_exam_depart` VALUES ('1577198869398179843', '1577198869263962113', '1577198563226570753');
INSERT INTO `el_exam_depart` VALUES ('1594326672534949889', '1356425140212076545', '1577203473645064193');
INSERT INTO `el_exam_depart` VALUES ('1594326672534949890', '1356425140212076545', '1577203500316643330');
INSERT INTO `el_exam_depart` VALUES ('1594326672534949891', '1356425140212076545', '1594322343769952257');

-- ----------------------------
-- Table structure for el_exam_repo
-- ----------------------------
DROP TABLE IF EXISTS `el_exam_repo`;
CREATE TABLE `el_exam_repo`  (
  `id` varchar(64) CHARACTER SET utf8mb4 COLLATE utf8mb4_0900_ai_ci NOT NULL COMMENT 'ID',
  `exam_id` varchar(64) CHARACTER SET utf8mb4 COLLATE utf8mb4_0900_ai_ci NOT NULL COMMENT '考试ID',
  `repo_id` varchar(64) CHARACTER SET utf8mb4 COLLATE utf8mb4_0900_ai_ci NOT NULL COMMENT '题库ID',
  `radio_count` int NOT NULL DEFAULT 0 COMMENT '单选题数量',
  `radio_score` int NOT NULL DEFAULT 0 COMMENT '单选题分数',
  `multi_count` int NOT NULL DEFAULT 0 COMMENT '多选题数量',
  `multi_score` int NOT NULL DEFAULT 0 COMMENT '多选题分数',
  `judge_count` int NOT NULL DEFAULT 0 COMMENT '判断题数量',
  `judge_score` int NOT NULL DEFAULT 0 COMMENT '判断题分数',
  `saq_count` int NOT NULL DEFAULT 0 COMMENT '简答题数量',
  `saq_score` int NOT NULL DEFAULT 0 COMMENT '简答题分数',
  PRIMARY KEY (`id`) USING BTREE,
  UNIQUE INDEX `exam_repo_id`(`exam_id`, `repo_id`) USING BTREE,
  INDEX `rule_id`(`exam_id`) USING BTREE,
  INDEX `repo_id`(`repo_id`) USING BTREE
) ENGINE = InnoDB CHARACTER SET = utf8mb4 COLLATE = utf8mb4_0900_ai_ci COMMENT = '考试题库' ROW_FORMAT = Dynamic;

-- ----------------------------
-- Records of el_exam_repo
-- ----------------------------
INSERT INTO `el_exam_repo` VALUES ('1594319666390519810', '1577198869263962113', '1265561101609795585', 1, 1, 1, 2, 1, 1, 0, 0);
INSERT INTO `el_exam_repo` VALUES ('1594403486078881793', '1356425140212076545', '1265561101609795585', 1, 10, 2, 10, 1, 10, 0, 0);

-- ----------------------------
-- Table structure for el_paper
-- ----------------------------
DROP TABLE IF EXISTS `el_paper`;
CREATE TABLE `el_paper`  (
  `id` varchar(64) CHARACTER SET utf8mb4 COLLATE utf8mb4_0900_ai_ci NOT NULL COMMENT '试卷ID',
  `user_id` varchar(64) CHARACTER SET utf8mb4 COLLATE utf8mb4_0900_ai_ci NOT NULL COMMENT '用户ID',
  `depart_id` varchar(32) CHARACTER SET utf8mb4 COLLATE utf8mb4_0900_ai_ci NOT NULL DEFAULT '' COMMENT '部门ID',
  `exam_id` varchar(64) CHARACTER SET utf8mb4 COLLATE utf8mb4_0900_ai_ci NOT NULL COMMENT '规则ID',
  `title` varchar(64) CHARACTER SET utf8mb4 COLLATE utf8mb4_0900_ai_ci NOT NULL COMMENT '考试标题',
  `total_time` int NOT NULL DEFAULT 0 COMMENT '考试时长',
  `user_time` int NOT NULL DEFAULT 0 COMMENT '用户时长',
  `total_score` int NOT NULL DEFAULT 0 COMMENT '试卷总分',
  `qualify_score` int NOT NULL DEFAULT 0 COMMENT '及格分',
  `obj_score` int NOT NULL DEFAULT 0 COMMENT '客观分',
  `subj_score` int NOT NULL DEFAULT 0 COMMENT '主观分',
  `user_score` int NOT NULL COMMENT '用户得分',
  `has_saq` tinyint NOT NULL DEFAULT 0 COMMENT '是否包含简答题',
  `state` int NOT NULL DEFAULT 1 COMMENT '试卷状态',
  `create_time` datetime NULL DEFAULT NULL COMMENT '创建时间',
  `update_time` datetime NULL DEFAULT NULL COMMENT '更新时间',
  `limit_time` datetime NULL DEFAULT NULL COMMENT '截止时间',
  PRIMARY KEY (`id`) USING BTREE,
  INDEX `user_id`(`user_id`) USING BTREE,
  INDEX `exam_id`(`exam_id`) USING BTREE
) ENGINE = InnoDB CHARACTER SET = utf8mb4 COLLATE = utf8mb4_0900_ai_ci COMMENT = '试卷' ROW_FORMAT = Dynamic;

-- ----------------------------
-- Records of el_paper
-- ----------------------------
INSERT INTO `el_paper` VALUES ('1594327085464178689', '1252125239901696002', '1318103339229106178', '1577198869263962113', 'test', 10, 1, 4, 4, 4, 0, 4, 0, 2, '2022-11-20 21:49:33', '2022-11-20 21:49:43', '2022-11-20 21:59:33');
INSERT INTO `el_paper` VALUES ('1594330522490785793', '10001', '1594322343769952257', '1356425140212076545', '演示考试', 1, 1, 30, 30, 0, 0, 0, 0, 2, '2022-11-20 22:03:12', '2022-11-20 22:04:46', '2022-11-20 22:04:12');
INSERT INTO `el_paper` VALUES ('1594331690994520065', '10001', '1594322343769952257', '1356425140212076545', '演示考试', 1, 1, 30, 30, 20, 0, 20, 0, 2, '2022-11-20 22:07:51', '2022-11-20 22:08:21', '2022-11-20 22:08:51');
INSERT INTO `el_paper` VALUES ('1594331864445767682', '10001', '1594322343769952257', '1356425140212076545', '演示考试', 1, 1, 30, 30, 10, 0, 10, 0, 2, '2022-11-20 22:08:32', '2022-11-20 22:08:39', '2022-11-20 22:09:32');
INSERT INTO `el_paper` VALUES ('1594332473823612930', '10001', '1594322343769952257', '1356425140212076545', '演示考试', 1, 1, 30, 20, 10, 0, 10, 0, 2, '2022-11-20 22:10:58', '2022-11-20 22:11:08', '2022-11-20 22:11:58');
INSERT INTO `el_paper` VALUES ('1594403589271343105', '1252125239901696002', '1318103339229106178', '1356425140212076545', '演示考试', 1, 1, 40, 20, 30, 0, 30, 0, 2, '2022-11-21 02:53:33', '2022-11-21 02:53:52', '2022-11-21 02:54:33');
INSERT INTO `el_paper` VALUES ('1594548617222324226', '1252125239901696002', '1318103339229106178', '1356425140212076545', '演示考试', 1, 1, 40, 20, 10, 0, 10, 0, 2, '2022-11-21 12:29:50', '2022-11-21 12:30:09', '2022-11-21 12:30:50');

-- ----------------------------
-- Table structure for el_paper_qu
-- ----------------------------
DROP TABLE IF EXISTS `el_paper_qu`;
CREATE TABLE `el_paper_qu`  (
  `id` varchar(64) CHARACTER SET utf8mb4 COLLATE utf8mb4_0900_ai_ci NOT NULL COMMENT 'ID',
  `paper_id` varchar(64) CHARACTER SET utf8mb4 COLLATE utf8mb4_0900_ai_ci NOT NULL COMMENT '试卷ID',
  `qu_id` varchar(64) CHARACTER SET utf8mb4 COLLATE utf8mb4_0900_ai_ci NOT NULL COMMENT '题目ID',
  `qu_type` int NOT NULL COMMENT '题目类型',
  `answered` tinyint NOT NULL DEFAULT 0 COMMENT '是否已答',
  `answer` varchar(5000) CHARACTER SET utf8mb4 COLLATE utf8mb4_0900_ai_ci NOT NULL DEFAULT '' COMMENT '主观答案',
  `sort` int NOT NULL DEFAULT 0 COMMENT '问题排序',
  `score` int NOT NULL DEFAULT 0 COMMENT '单题分分值',
  `actual_score` int NOT NULL DEFAULT 0 COMMENT '实际得分(主观题)',
  `is_right` tinyint NOT NULL DEFAULT 0 COMMENT '是否答对',
  PRIMARY KEY (`id`) USING BTREE,
  INDEX `paper_id`(`paper_id`) USING BTREE,
  INDEX `qu_id`(`qu_id`) USING BTREE,
  INDEX `paper_qu_id`(`paper_id`, `qu_id`) USING BTREE,
  INDEX `sort`(`sort`) USING BTREE
) ENGINE = InnoDB CHARACTER SET = utf8mb4 COLLATE = utf8mb4_0900_ai_ci COMMENT = '试卷考题' ROW_FORMAT = Dynamic;

-- ----------------------------
-- Records of el_paper_qu
-- ----------------------------
INSERT INTO `el_paper_qu` VALUES ('1356433729051955201', '1356433729043566593', '1286859710305226754', 1, 1, '', 0, 10, 10, 1);
INSERT INTO `el_paper_qu` VALUES ('1356433729144229889', '1356433729043566593', '1286860480865980417', 1, 1, '', 1, 10, 10, 1);
INSERT INTO `el_paper_qu` VALUES ('1356433729156812801', '1356433729043566593', '1286856786200055810', 1, 1, '', 2, 10, 10, 1);
INSERT INTO `el_paper_qu` VALUES ('1356433729169395713', '1356433729043566593', '1286856503755624449', 1, 1, '', 3, 10, 10, 0);
INSERT INTO `el_paper_qu` VALUES ('1356433729186172929', '1356433729043566593', '1286857269660700674', 1, 1, '', 4, 10, 10, 0);
INSERT INTO `el_paper_qu` VALUES ('1356433729198755842', '1356433729043566593', '1286856991045668865', 1, 1, '', 5, 10, 10, 0);
INSERT INTO `el_paper_qu` VALUES ('1356433729211338754', '1356433729043566593', '1286859363650195458', 1, 1, '', 6, 10, 10, 0);
INSERT INTO `el_paper_qu` VALUES ('1356433729223921665', '1356433729043566593', '1286859119977910274', 1, 0, '', 7, 10, 10, 0);
INSERT INTO `el_paper_qu` VALUES ('1356433729236504577', '1356433729043566593', '1286858826460516353', 1, 0, '', 8, 10, 10, 0);
INSERT INTO `el_paper_qu` VALUES ('1356433729244893186', '1356433729043566593', '1286858556779352066', 1, 0, '', 9, 10, 10, 0);
INSERT INTO `el_paper_qu` VALUES ('1356434156568973313', '1356434156560584706', '1286859119977910274', 1, 0, '', 0, 10, 10, 0);
INSERT INTO `el_paper_qu` VALUES ('1356434156577361922', '1356434156560584706', '1286856991045668865', 1, 0, '', 1, 10, 10, 0);
INSERT INTO `el_paper_qu` VALUES ('1356434156585750530', '1356434156560584706', '1286858556779352066', 1, 0, '', 2, 10, 10, 0);
INSERT INTO `el_paper_qu` VALUES ('1356434156594139137', '1356434156560584706', '1286858826460516353', 1, 0, '', 3, 10, 10, 0);
INSERT INTO `el_paper_qu` VALUES ('1356434156606722049', '1356434156560584706', '1286860480865980417', 1, 0, '', 4, 10, 10, 0);
INSERT INTO `el_paper_qu` VALUES ('1356434156619304962', '1356434156560584706', '1286859363650195458', 1, 0, '', 5, 10, 10, 0);
INSERT INTO `el_paper_qu` VALUES ('1356434156623499266', '1356434156560584706', '1286856503755624449', 1, 0, '', 6, 10, 10, 0);
INSERT INTO `el_paper_qu` VALUES ('1356434156627693570', '1356434156560584706', '1286856786200055810', 1, 0, '', 7, 10, 10, 0);
INSERT INTO `el_paper_qu` VALUES ('1356434156636082177', '1356434156560584706', '1286857269660700674', 1, 0, '', 8, 10, 10, 0);
INSERT INTO `el_paper_qu` VALUES ('1356434156644470786', '1356434156560584706', '1286859710305226754', 1, 0, '', 9, 10, 10, 0);
INSERT INTO `el_paper_qu` VALUES ('1451071753778618370', '1451071753757646850', '1286858826460516353', 1, 1, '', 0, 10, 10, 0);
INSERT INTO `el_paper_qu` VALUES ('1451071753841532929', '1451071753757646850', '1286857269660700674', 1, 1, '', 1, 10, 10, 0);
INSERT INTO `el_paper_qu` VALUES ('1451071753849921537', '1451071753757646850', '1286859119977910274', 1, 1, '', 2, 10, 10, 0);
INSERT INTO `el_paper_qu` VALUES ('1451071753858310146', '1451071753757646850', '1286859363650195458', 1, 1, '', 3, 10, 10, 0);
INSERT INTO `el_paper_qu` VALUES ('1451071753870893057', '1451071753757646850', '1286859710305226754', 1, 0, '', 4, 10, 10, 0);
INSERT INTO `el_paper_qu` VALUES ('1451071753879281665', '1451071753757646850', '1286856991045668865', 1, 1, '', 5, 10, 10, 0);
INSERT INTO `el_paper_qu` VALUES ('1451071753891864577', '1451071753757646850', '1286858556779352066', 1, 1, '', 6, 10, 10, 1);
INSERT INTO `el_paper_qu` VALUES ('1451071753900253185', '1451071753757646850', '1286856786200055810', 1, 1, '', 7, 10, 10, 0);
INSERT INTO `el_paper_qu` VALUES ('1451071753908641793', '1451071753757646850', '1286860480865980417', 1, 1, '', 8, 10, 10, 0);
INSERT INTO `el_paper_qu` VALUES ('1451071753917030402', '1451071753757646850', '1286856503755624449', 1, 1, '', 9, 10, 10, 0);
INSERT INTO `el_paper_qu` VALUES ('1451088836397400066', '1451088836384817154', '1286856786200055810', 1, 0, '', 0, 10, 10, 0);
INSERT INTO `el_paper_qu` VALUES ('1451088836414177282', '1451088836384817154', '1286858826460516353', 1, 0, '', 1, 10, 10, 0);
INSERT INTO `el_paper_qu` VALUES ('1451088836426760194', '1451088836384817154', '1286858556779352066', 1, 0, '', 2, 10, 10, 0);
INSERT INTO `el_paper_qu` VALUES ('1451088836439343105', '1451088836384817154', '1286859710305226754', 1, 0, '', 3, 10, 10, 0);
INSERT INTO `el_paper_qu` VALUES ('1451088836447731714', '1451088836384817154', '1286856503755624449', 1, 0, '', 4, 10, 10, 0);
INSERT INTO `el_paper_qu` VALUES ('1451088836456120321', '1451088836384817154', '1286859363650195458', 1, 0, '', 5, 10, 10, 0);
INSERT INTO `el_paper_qu` VALUES ('1451088836464508930', '1451088836384817154', '1286860480865980417', 1, 0, '', 6, 10, 10, 0);
INSERT INTO `el_paper_qu` VALUES ('1451088836477091842', '1451088836384817154', '1286859119977910274', 1, 0, '', 7, 10, 10, 0);
INSERT INTO `el_paper_qu` VALUES ('1451088836489674754', '1451088836384817154', '1286857269660700674', 1, 0, '', 8, 10, 10, 0);
INSERT INTO `el_paper_qu` VALUES ('1451088836498063362', '1451088836384817154', '1286856991045668865', 1, 0, '', 9, 10, 10, 0);
INSERT INTO `el_paper_qu` VALUES ('1451091214824771585', '1451091214807994370', '1286856786200055810', 1, 0, '', 0, 10, 10, 0);
INSERT INTO `el_paper_qu` VALUES ('1451091214845743106', '1451091214807994370', '1286859710305226754', 1, 0, '', 1, 10, 10, 0);
INSERT INTO `el_paper_qu` VALUES ('1451091214854131714', '1451091214807994370', '1286856503755624449', 1, 0, '', 2, 10, 10, 0);
INSERT INTO `el_paper_qu` VALUES ('1451091214870908929', '1451091214807994370', '1286859363650195458', 1, 0, '', 3, 10, 10, 0);
INSERT INTO `el_paper_qu` VALUES ('1451091214879297537', '1451091214807994370', '1286858826460516353', 1, 1, '', 4, 10, 10, 0);
INSERT INTO `el_paper_qu` VALUES ('1451091214887686146', '1451091214807994370', '1286860480865980417', 1, 1, '', 5, 10, 10, 0);
INSERT INTO `el_paper_qu` VALUES ('1451091214896074753', '1451091214807994370', '1286859119977910274', 1, 0, '', 6, 10, 10, 0);
INSERT INTO `el_paper_qu` VALUES ('1451091214904463362', '1451091214807994370', '1286857269660700674', 1, 0, '', 7, 10, 10, 0);
INSERT INTO `el_paper_qu` VALUES ('1451091214908657665', '1451091214807994370', '1286858556779352066', 1, 0, '', 8, 10, 10, 0);
INSERT INTO `el_paper_qu` VALUES ('1451091214921240577', '1451091214807994370', '1286856991045668865', 1, 0, '', 9, 10, 10, 0);
INSERT INTO `el_paper_qu` VALUES ('1461504905066967042', '1461504905012441090', '1286859710305226754', 1, 0, '', 0, 10, 10, 0);
INSERT INTO `el_paper_qu` VALUES ('1461504905134075905', '1461504905012441090', '1286856503755624449', 1, 0, '', 1, 10, 10, 0);
INSERT INTO `el_paper_qu` VALUES ('1461504905150853121', '1461504905012441090', '1286858556779352066', 1, 0, '', 2, 10, 10, 0);
INSERT INTO `el_paper_qu` VALUES ('1461504905159241729', '1461504905012441090', '1286856786200055810', 1, 0, '', 3, 10, 10, 0);
INSERT INTO `el_paper_qu` VALUES ('1461504905171824642', '1461504905012441090', '1286857269660700674', 1, 0, '', 4, 10, 10, 0);
INSERT INTO `el_paper_qu` VALUES ('1461504905188601857', '1461504905012441090', '1286858826460516353', 1, 0, '', 5, 10, 10, 0);
INSERT INTO `el_paper_qu` VALUES ('1461504905192796161', '1461504905012441090', '1286859119977910274', 1, 1, '', 6, 10, 10, 0);
INSERT INTO `el_paper_qu` VALUES ('1461504905201184770', '1461504905012441090', '1286859363650195458', 1, 0, '', 7, 10, 10, 0);
INSERT INTO `el_paper_qu` VALUES ('1461504905217961985', '1461504905012441090', '1286856991045668865', 1, 0, '', 8, 10, 10, 0);
INSERT INTO `el_paper_qu` VALUES ('1461504905222156289', '1461504905012441090', '1286860480865980417', 1, 1, '', 9, 10, 10, 0);
INSERT INTO `el_paper_qu` VALUES ('1461506333328142337', '1461506333319753729', '1286858826460516353', 1, 0, '', 0, 10, 10, 0);
INSERT INTO `el_paper_qu` VALUES ('1461506333336530945', '1461506333319753729', '1286859363650195458', 1, 1, '', 1, 10, 10, 0);
INSERT INTO `el_paper_qu` VALUES ('1461506333344919553', '1461506333319753729', '1286858556779352066', 1, 0, '', 2, 10, 10, 0);
INSERT INTO `el_paper_qu` VALUES ('1461506333349113858', '1461506333319753729', '1286856991045668865', 1, 0, '', 3, 10, 10, 0);
INSERT INTO `el_paper_qu` VALUES ('1461506333357502465', '1461506333319753729', '1286856786200055810', 1, 0, '', 4, 10, 10, 0);
INSERT INTO `el_paper_qu` VALUES ('1461506333365891073', '1461506333319753729', '1286857269660700674', 1, 0, '', 5, 10, 10, 0);
INSERT INTO `el_paper_qu` VALUES ('1461506333370085377', '1461506333319753729', '1461505751183912961', 2, 1, '', 6, 10, 10, 0);
INSERT INTO `el_paper_qu` VALUES ('1461506333378473986', '1461506333319753729', '1461505492353413121', 2, 1, '', 7, 10, 10, 0);
INSERT INTO `el_paper_qu` VALUES ('1461506333382668290', '1461506333319753729', '1461506028981055490', 3, 1, '', 8, 10, 10, 1);
INSERT INTO `el_paper_qu` VALUES ('1461506333386862593', '1461506333319753729', '1461505894142570497', 3, 1, '', 9, 10, 10, 0);
INSERT INTO `el_paper_qu` VALUES ('1594266116780216323', '1594266116780216322', '1286856991045668865', 1, 0, '', 0, 10, 10, 0);
INSERT INTO `el_paper_qu` VALUES ('1594266116843130882', '1594266116780216322', '1461505751183912961', 2, 0, '', 1, 10, 10, 0);
INSERT INTO `el_paper_qu` VALUES ('1594266116843130883', '1594266116780216322', '1461506028981055490', 3, 0, '', 2, 10, 10, 0);
INSERT INTO `el_paper_qu` VALUES ('1594320675263238147', '1594320675263238146', '1286856991045668865', 1, 1, '', 0, 10, 10, 0);
INSERT INTO `el_paper_qu` VALUES ('1594320675263238148', '1594320675263238146', '1461505751183912961', 2, 1, '', 1, 10, 10, 1);
INSERT INTO `el_paper_qu` VALUES ('1594320675263238149', '1594320675263238146', '1461506028981055490', 3, 1, '', 2, 10, 10, 1);
INSERT INTO `el_paper_qu` VALUES ('1594321153061572609', '1594321152998658049', '1286856991045668865', 1, 1, '', 0, 10, 10, 1);
INSERT INTO `el_paper_qu` VALUES ('1594321153061572610', '1594321152998658049', '1461505751183912961', 2, 1, '', 1, 10, 10, 1);
INSERT INTO `el_paper_qu` VALUES ('1594321153061572611', '1594321152998658049', '1461506028981055490', 3, 1, '', 2, 10, 10, 1);
INSERT INTO `el_paper_qu` VALUES ('1594321344305057794', '1594321344305057793', '1286856991045668865', 1, 1, '', 0, 10, 10, 1);
INSERT INTO `el_paper_qu` VALUES ('1594321344305057795', '1594321344305057793', '1461505751183912961', 2, 0, '', 1, 10, 10, 0);
INSERT INTO `el_paper_qu` VALUES ('1594321344305057796', '1594321344305057793', '1461506028981055490', 3, 0, '', 2, 10, 10, 0);
INSERT INTO `el_paper_qu` VALUES ('1594321673318846466', '1594321673318846465', '1286856991045668865', 1, 1, '', 0, 10, 10, 1);
INSERT INTO `el_paper_qu` VALUES ('1594321673318846467', '1594321673318846465', '1461505751183912961', 2, 1, '', 1, 10, 10, 1);
INSERT INTO `el_paper_qu` VALUES ('1594321673318846468', '1594321673318846465', '1461506028981055490', 3, 1, '', 2, 10, 10, 1);
INSERT INTO `el_paper_qu` VALUES ('1594322546883317762', '1594322546883317761', '1286856991045668865', 1, 1, '', 0, 1, 1, 1);
INSERT INTO `el_paper_qu` VALUES ('1594322546946232322', '1594322546883317761', '1461505751183912961', 2, 1, '', 1, 2, 2, 1);
INSERT INTO `el_paper_qu` VALUES ('1594322546946232323', '1594322546883317761', '1461506028981055490', 3, 1, '', 2, 1, 1, 1);
INSERT INTO `el_paper_qu` VALUES ('1594323178960736258', '1594323178960736257', '1286856991045668865', 1, 1, '', 0, 1, 1, 0);
INSERT INTO `el_paper_qu` VALUES ('1594323178960736259', '1594323178960736257', '1461505751183912961', 2, 0, '', 1, 2, 2, 0);
INSERT INTO `el_paper_qu` VALUES ('1594323178960736260', '1594323178960736257', '1461506028981055490', 3, 0, '', 2, 1, 1, 0);
INSERT INTO `el_paper_qu` VALUES ('1594326368263360515', '1594326368263360514', '1286856991045668865', 1, 0, '', 0, 1, 1, 0);
INSERT INTO `el_paper_qu` VALUES ('1594326368263360516', '1594326368263360514', '1461505751183912961', 2, 0, '', 1, 2, 2, 0);
INSERT INTO `el_paper_qu` VALUES ('1594326368263360517', '1594326368263360514', '1461506028981055490', 3, 0, '', 2, 1, 1, 0);
INSERT INTO `el_paper_qu` VALUES ('1594327019429056513', '1594327019366141953', '1286856991045668865', 1, 1, '', 0, 10, 10, 1);
INSERT INTO `el_paper_qu` VALUES ('1594327019429056514', '1594327019366141953', '1461505751183912961', 2, 1, '', 1, 10, 10, 1);
INSERT INTO `el_paper_qu` VALUES ('1594327019429056515', '1594327019366141953', '1461506028981055490', 3, 1, '', 2, 10, 10, 1);
INSERT INTO `el_paper_qu` VALUES ('1594327085464178690', '1594327085464178689', '1286856991045668865', 1, 1, '', 0, 1, 1, 1);
INSERT INTO `el_paper_qu` VALUES ('1594327085464178691', '1594327085464178689', '1461505751183912961', 2, 1, '', 1, 2, 2, 1);
INSERT INTO `el_paper_qu` VALUES ('1594327085464178692', '1594327085464178689', '1461506028981055490', 3, 1, '', 2, 1, 1, 1);
INSERT INTO `el_paper_qu` VALUES ('1594330522490785794', '1594330522490785793', '1286856991045668865', 1, 0, '', 0, 10, 10, 0);
INSERT INTO `el_paper_qu` VALUES ('1594330522490785795', '1594330522490785793', '1461505751183912961', 2, 0, '', 1, 10, 10, 0);
INSERT INTO `el_paper_qu` VALUES ('1594330522553700354', '1594330522490785793', '1461506028981055490', 3, 0, '', 2, 10, 10, 0);
INSERT INTO `el_paper_qu` VALUES ('1594331690994520066', '1594331690994520065', '1286856991045668865', 1, 1, '', 0, 10, 10, 1);
INSERT INTO `el_paper_qu` VALUES ('1594331691057434625', '1594331690994520065', '1461505751183912961', 2, 1, '', 1, 10, 10, 1);
INSERT INTO `el_paper_qu` VALUES ('1594331691057434626', '1594331690994520065', '1461506028981055490', 3, 0, '', 2, 10, 10, 0);
INSERT INTO `el_paper_qu` VALUES ('1594331864445767683', '1594331864445767682', '1286856991045668865', 1, 1, '', 0, 10, 10, 1);
INSERT INTO `el_paper_qu` VALUES ('1594331864445767684', '1594331864445767682', '1461505751183912961', 2, 0, '', 1, 10, 10, 0);
INSERT INTO `el_paper_qu` VALUES ('1594331864445767685', '1594331864445767682', '1461506028981055490', 3, 0, '', 2, 10, 10, 0);
INSERT INTO `el_paper_qu` VALUES ('1594332078044893186', '1594332077981978625', '1461505751183912961', 2, 0, '', 0, 10, 10, 0);
INSERT INTO `el_paper_qu` VALUES ('1594332078044893187', '1594332077981978625', '1461506028981055490', 3, 0, '', 1, 10, 10, 0);
INSERT INTO `el_paper_qu` VALUES ('1594332277970587651', '1594332277970587650', '1461505751183912961', 2, 0, '', 0, 10, 10, 0);
INSERT INTO `el_paper_qu` VALUES ('1594332277970587652', '1594332277970587650', '1461506028981055490', 3, 0, '', 1, 10, 10, 0);
INSERT INTO `el_paper_qu` VALUES ('1594332473886527490', '1594332473823612930', '1286856991045668865', 1, 1, '', 0, 10, 10, 1);
INSERT INTO `el_paper_qu` VALUES ('1594332473886527491', '1594332473823612930', '1461505751183912961', 2, 0, '', 1, 10, 10, 0);
INSERT INTO `el_paper_qu` VALUES ('1594332473886527492', '1594332473823612930', '1461506028981055490', 3, 0, '', 2, 10, 10, 0);
INSERT INTO `el_paper_qu` VALUES ('1594403589271343106', '1594403589271343105', '1286856991045668865', 1, 1, '', 0, 10, 10, 1);
INSERT INTO `el_paper_qu` VALUES ('1594403589271343107', '1594403589271343105', '1461505751183912961', 2, 1, '', 1, 10, 10, 1);
INSERT INTO `el_paper_qu` VALUES ('1594403589334257665', '1594403589271343105', '1594401943707471874', 2, 1, '', 2, 10, 10, 0);
INSERT INTO `el_paper_qu` VALUES ('1594403589334257666', '1594403589271343105', '1461506028981055490', 3, 1, '', 3, 10, 10, 1);
INSERT INTO `el_paper_qu` VALUES ('1594548617285238785', '1594548617222324226', '1286856991045668865', 1, 1, '', 0, 10, 10, 1);
INSERT INTO `el_paper_qu` VALUES ('1594548617285238786', '1594548617222324226', '1461505751183912961', 2, 1, '', 1, 10, 10, 0);
INSERT INTO `el_paper_qu` VALUES ('1594548617285238787', '1594548617222324226', '1594401943707471874', 2, 0, '', 2, 10, 10, 0);
INSERT INTO `el_paper_qu` VALUES ('1594548617285238788', '1594548617222324226', '1461506028981055490', 3, 0, '', 3, 10, 10, 0);

-- ----------------------------
-- Table structure for el_paper_qu_answer
-- ----------------------------
DROP TABLE IF EXISTS `el_paper_qu_answer`;
CREATE TABLE `el_paper_qu_answer`  (
  `id` varchar(64) CHARACTER SET utf8mb4 COLLATE utf8mb4_0900_ai_ci NOT NULL COMMENT '自增ID',
  `paper_id` varchar(64) CHARACTER SET utf8mb4 COLLATE utf8mb4_0900_ai_ci NOT NULL COMMENT '试卷ID',
  `answer_id` varchar(32) CHARACTER SET utf8mb4 COLLATE utf8mb4_0900_ai_ci NOT NULL COMMENT '回答项ID',
  `qu_id` varchar(32) CHARACTER SET utf8mb4 COLLATE utf8mb4_0900_ai_ci NOT NULL COMMENT '题目ID',
  `is_right` tinyint NOT NULL DEFAULT 0 COMMENT '是否正确项',
  `checked` tinyint NOT NULL DEFAULT 0 COMMENT '是否选中',
  `sort` int NOT NULL DEFAULT 0 COMMENT '排序',
  `abc` varchar(64) CHARACTER SET utf8mb4 COLLATE utf8mb4_0900_ai_ci NOT NULL DEFAULT '' COMMENT '选项标签',
  PRIMARY KEY (`id`) USING BTREE,
  INDEX `paper_id`(`paper_id`) USING BTREE,
  INDEX `qu_id`(`qu_id`) USING BTREE,
  INDEX `paper_qu_id`(`paper_id`, `qu_id`) USING BTREE,
  INDEX `sort`(`sort`) USING BTREE
) ENGINE = InnoDB CHARACTER SET = utf8mb4 COLLATE = utf8mb4_0900_ai_ci COMMENT = '试卷考题备选答案' ROW_FORMAT = Dynamic;

-- ----------------------------
-- Records of el_paper_qu_answer
-- ----------------------------
INSERT INTO `el_paper_qu_answer` VALUES ('0001be89-457e-420c-b25b-d4022f1f807a', '1451071753757646850', '1286856991062446081', '1286856991045668865', 0, 0, 6, 'G');
INSERT INTO `el_paper_qu_answer` VALUES ('0077a369-fd2e-46a3-8efb-cee288f96117', '1451088836384817154', '1286859710326198274', '1286859710305226754', 0, 0, 3, 'D');
INSERT INTO `el_paper_qu_answer` VALUES ('009be13e-92ce-4696-803d-3e9e7c74ca37', '1594331690994520065', '1461505751200690177', '1461505751183912961', 1, 1, 3, 'D');
INSERT INTO `el_paper_qu_answer` VALUES ('00d81da1-799c-43ea-ae61-4186b430e97b', '1356434156560584706', '1286858826485682181', '1286858826460516353', 0, 0, 0, 'A');
INSERT INTO `el_paper_qu_answer` VALUES ('00df7b72-8f57-40df-883f-0db377978bf3', '1356433729043566593', '1286858826485682179', '1286858826460516353', 0, 0, 4, 'E');
INSERT INTO `el_paper_qu_answer` VALUES ('01a28376-2df1-4005-b5a0-0ba29a2e3f89', '1594331864445767682', '1461506028993638402', '1461506028981055490', 0, 0, 1, 'B');
INSERT INTO `el_paper_qu_answer` VALUES ('02373477-a49f-4fcd-993e-0da7a348a2e4', '1451091214807994370', '1286856786216833025', '1286856786200055810', 0, 0, 4, 'E');
INSERT INTO `el_paper_qu_answer` VALUES ('0242a0bd-fd62-47bb-8862-cd71fddb920e', '1594327085464178689', '1461506028993638402', '1461506028981055490', 0, 0, 0, 'A');
INSERT INTO `el_paper_qu_answer` VALUES ('02882e22-27a8-4d40-8869-64364e076dc3', '1594331690994520065', '1286856991058251779', '1286856991045668865', 0, 0, 7, 'H');
INSERT INTO `el_paper_qu_answer` VALUES ('028ee6de-d96f-48ed-9bbe-1d7619a357b7', '1356433729043566593', '1286860480886951937', '1286860480865980417', 0, 0, 3, 'D');
INSERT INTO `el_paper_qu_answer` VALUES ('02cc616a-7459-4d33-bae0-77308e7cf6ac', '1461504905012441090', '1286856991062446083', '1286856991045668865', 0, 0, 5, 'F');
INSERT INTO `el_paper_qu_answer` VALUES ('042ccf62-7b91-4443-8aed-05f9dc37f51c', '1356434156560584706', '1286856991062446084', '1286856991045668865', 0, 0, 0, 'A');
INSERT INTO `el_paper_qu_answer` VALUES ('043fc1a4-83f9-41ab-a893-8856b7c049f4', '1461504905012441090', '1286858826485682178', '1286858826460516353', 0, 0, 2, 'C');
INSERT INTO `el_paper_qu_answer` VALUES ('04869011-b50a-4b92-9e51-fdec8ff82519', '1451088836384817154', '1286859119998881794', '1286859119977910274', 0, 0, 0, 'A');
INSERT INTO `el_paper_qu_answer` VALUES ('04a12b6b-7238-4a48-8f97-9d345c7cdab8', '1451071753757646850', '1286860480878563329', '1286860480865980417', 0, 0, 1, 'B');
INSERT INTO `el_paper_qu_answer` VALUES ('054e9355-51b3-4705-8224-365811f1dbd3', '1594327019366141953', '1461505751200690177', '1461505751183912961', 1, 1, 1, 'B');
INSERT INTO `el_paper_qu_answer` VALUES ('05611dab-8326-4017-91d4-1455b23b2a4d', '1461504905012441090', '1286860480882757636', '1286860480865980417', 1, 0, 0, 'A');
INSERT INTO `el_paper_qu_answer` VALUES ('070e6464-d5a0-4f80-bd92-60a3f5defb92', '1451088836384817154', '1286856503772401665', '1286856503755624449', 0, 0, 0, 'A');
INSERT INTO `el_paper_qu_answer` VALUES ('07407ac6-e822-45c8-8236-6111d6cdce78', '1461504905012441090', '1286856786221027330', '1286856786200055810', 1, 0, 4, 'E');
INSERT INTO `el_paper_qu_answer` VALUES ('0759efd4-04d7-4587-b0fd-b0a60247d6a8', '1594548617222324226', '1461506028993638401', '1461506028981055490', 1, 0, 0, 'A');
INSERT INTO `el_paper_qu_answer` VALUES ('07661633-f2c1-422d-a3d0-d4f6cc7578b5', '1461506333319753729', '1286859363675361282', '1286859363650195458', 0, 0, 0, 'A');
INSERT INTO `el_paper_qu_answer` VALUES ('082f4118-777d-45cb-ba7d-65fc0a670692', '1594403589271343105', '1286856991058251779', '1286856991045668865', 0, 0, 6, 'G');
INSERT INTO `el_paper_qu_answer` VALUES ('08b8f336-58be-4bb0-8d3e-bc553133e0a9', '1594321673318846465', '1461505751200690178', '1461505751183912961', 1, 1, 0, 'A');
INSERT INTO `el_paper_qu_answer` VALUES ('09fc5a3c-b693-4791-ac61-5f2522e29896', '1356434156560584706', '1286857269677477889', '1286857269660700674', 1, 0, 3, 'D');
INSERT INTO `el_paper_qu_answer` VALUES ('0ab601d7-efd7-4505-bf97-1c6d0382d789', '1451091214807994370', '1286858826477293569', '1286858826460516353', 1, 0, 0, 'A');
INSERT INTO `el_paper_qu_answer` VALUES ('0ad716a9-2efb-488d-94c3-78c6c7f7d9e1', '1461506333319753729', '1286856991062446081', '1286856991045668865', 0, 0, 2, 'C');
INSERT INTO `el_paper_qu_answer` VALUES ('0b92947f-dc8a-41c8-93cd-dc1b8534e221', '1451071753757646850', '1286856991058251780', '1286856991045668865', 0, 0, 5, 'F');
INSERT INTO `el_paper_qu_answer` VALUES ('0bfd01cc-8fe9-4f95-884f-aab66324737a', '1594326368263360514', '1461506028993638402', '1461506028981055490', 0, 0, 0, 'A');
INSERT INTO `el_paper_qu_answer` VALUES ('0c6dca40-3a15-40e8-b2c1-95052e3b4c5a', '1594331864445767682', '1286856991058251778', '1286856991045668865', 0, 0, 8, 'I');
INSERT INTO `el_paper_qu_answer` VALUES ('0d35b07c-267f-4e91-8196-6005226ecdae', '1594332277970587650', '1461505751200690178', '1461505751183912961', 1, 0, 1, 'B');
INSERT INTO `el_paper_qu_answer` VALUES ('0d4c6509-4406-4275-8ff0-a2f06bfa26ce', '1356434156560584706', '1286856991058251778', '1286856991045668865', 0, 0, 8, 'I');
INSERT INTO `el_paper_qu_answer` VALUES ('0fe2492e-a486-4e9d-ae31-d1e5bb396f90', '1451091214807994370', '1286857269673283586', '1286857269660700674', 0, 0, 1, 'B');
INSERT INTO `el_paper_qu_answer` VALUES ('1015e8eb-efbc-4ad7-af6e-6836926ad36d', '1356433729043566593', '1286859120003076099', '1286859119977910274', 0, 0, 2, 'C');
INSERT INTO `el_paper_qu_answer` VALUES ('1016b402-23c6-4c4a-a49f-c82b32d9e7d2', '1451071753757646850', '1286858556800323585', '1286858556779352066', 0, 0, 0, 'A');
INSERT INTO `el_paper_qu_answer` VALUES ('10a9039e-1fac-4b69-812a-6badc8b279e3', '1594326368263360514', '1286856991058251778', '1286856991045668865', 0, 0, 1, 'B');
INSERT INTO `el_paper_qu_answer` VALUES ('11915411-4e72-4ed5-bb86-7122a89e00d4', '1356433729043566593', '1286857269677477889', '1286857269660700674', 1, 0, 3, 'D');
INSERT INTO `el_paper_qu_answer` VALUES ('11eb0a09-f8f7-4e7a-99b4-0c5427e4f64c', '1594321152998658049', '1286856991062446082', '1286856991045668865', 1, 1, 2, 'C');
INSERT INTO `el_paper_qu_answer` VALUES ('11edbd72-9f70-4826-88eb-f885705de94c', '1356434156560584706', '1286858826485682178', '1286858826460516353', 0, 0, 4, 'E');
INSERT INTO `el_paper_qu_answer` VALUES ('122d77a4-831d-48c1-801d-1d6d097ba523', '1594326368263360514', '1461506028993638401', '1461506028981055490', 1, 0, 1, 'B');
INSERT INTO `el_paper_qu_answer` VALUES ('12b89a43-adf6-4733-846c-741dcc21160f', '1356433729043566593', '1286858826485682180', '1286858826460516353', 0, 0, 0, 'A');
INSERT INTO `el_paper_qu_answer` VALUES ('12f3771d-03e0-47c8-b7af-967d5d63036c', '1594323178960736257', '1286856991062446085', '1286856991045668865', 0, 0, 1, 'B');
INSERT INTO `el_paper_qu_answer` VALUES ('137e0f43-af67-476d-b738-1f43f23e189d', '1451088836384817154', '1286856991058251780', '1286856991045668865', 0, 0, 1, 'B');
INSERT INTO `el_paper_qu_answer` VALUES ('1400b83c-3906-4252-a79b-9f0705a24384', '1594266116780216322', '1286856991058251778', '1286856991045668865', 0, 0, 4, 'E');
INSERT INTO `el_paper_qu_answer` VALUES ('1401cb9f-f881-4db0-9095-caba41b2381d', '1451091214807994370', '1286859120003076100', '1286859119977910274', 1, 0, 0, 'A');
INSERT INTO `el_paper_qu_answer` VALUES ('15513a1b-4149-450b-a62e-bfefb4be32f5', '1594327085464178689', '1286856991062446082', '1286856991045668865', 1, 1, 3, 'D');
INSERT INTO `el_paper_qu_answer` VALUES ('162e7d75-3843-4daa-be36-8919697cd8cc', '1451088836384817154', '1286858826485682179', '1286858826460516353', 0, 0, 3, 'D');
INSERT INTO `el_paper_qu_answer` VALUES ('170595fb-d74a-4774-98c8-be6075343698', '1451088836384817154', '1286856786221027330', '1286856786200055810', 1, 0, 0, 'A');
INSERT INTO `el_paper_qu_answer` VALUES ('1746e38c-6c22-4f56-8f43-6e13c72592b8', '1594548617222324226', '1594401943774580738', '1594401943707471874', 1, 0, 1, 'B');
INSERT INTO `el_paper_qu_answer` VALUES ('178366cb-ba02-471b-8971-ba93dd666a8c', '1594403589271343105', '1461505751200690177', '1461505751183912961', 1, 1, 0, 'A');
INSERT INTO `el_paper_qu_answer` VALUES ('17ca599a-f46d-41b4-8afc-8b20d595f0ee', '1356434156560584706', '1286856503776595973', '1286856503755624449', 0, 0, 4, 'E');
INSERT INTO `el_paper_qu_answer` VALUES ('17fbaf7b-3738-4b3b-a8db-500c769f4c05', '1356434156560584706', '1286859363675361282', '1286859363650195458', 0, 0, 3, 'D');
INSERT INTO `el_paper_qu_answer` VALUES ('1838de6c-e3b8-4986-b605-f75b99b39858', '1461504905012441090', '1286858556800323585', '1286858556779352066', 0, 0, 4, 'E');
INSERT INTO `el_paper_qu_answer` VALUES ('1913ab50-c9a5-408a-b9ab-509f81005869', '1594331690994520065', '1461505751200690179', '1461505751183912961', 0, 0, 0, 'A');
INSERT INTO `el_paper_qu_answer` VALUES ('1945322c-2e1d-465d-a3aa-10ee16210294', '1594331864445767682', '1461505751200690177', '1461505751183912961', 1, 0, 2, 'C');
INSERT INTO `el_paper_qu_answer` VALUES ('1a1c4512-f3bb-4d02-ba66-fa3aedd17648', '1594321673318846465', '1461505751200690179', '1461505751183912961', 0, 0, 2, 'C');
INSERT INTO `el_paper_qu_answer` VALUES ('1aab7e6a-fb75-42ae-bd0f-94d178d216de', '1451088836384817154', '1286857269673283585', '1286857269660700674', 0, 0, 1, 'B');
INSERT INTO `el_paper_qu_answer` VALUES ('1b135d50-f36d-4e0c-b210-29a693cffcfb', '1594321673318846465', '1461506028993638401', '1461506028981055490', 1, 1, 1, 'B');
INSERT INTO `el_paper_qu_answer` VALUES ('1b4b8840-2d29-454d-99ee-f077c766d2b6', '1461506333319753729', '1286859363679555586', '1286859363650195458', 0, 0, 1, 'B');
INSERT INTO `el_paper_qu_answer` VALUES ('1b53f84f-dfcb-4a18-8a95-8c650058ca59', '1461506333319753729', '1286856991062446084', '1286856991045668865', 0, 0, 8, 'I');
INSERT INTO `el_paper_qu_answer` VALUES ('1b633e45-5983-46e5-b79f-60ad9e2006db', '1461504905012441090', '1286859710330392578', '1286859710305226754', 1, 0, 1, 'B');
INSERT INTO `el_paper_qu_answer` VALUES ('1b64dc0d-c363-417e-9aa8-55745cb0c709', '1594548617222324226', '1286856991062446086', '1286856991045668865', 0, 0, 8, 'I');
INSERT INTO `el_paper_qu_answer` VALUES ('1b8c7847-1759-42c8-a2a5-afe576604bc6', '1356434156560584706', '1286860480882757636', '1286860480865980417', 1, 0, 1, 'B');
INSERT INTO `el_paper_qu_answer` VALUES ('1c05dd50-f532-4504-88ee-ee8734404bf3', '1451088836384817154', '1286858556800323585', '1286858556779352066', 0, 0, 2, 'C');
INSERT INTO `el_paper_qu_answer` VALUES ('1c485148-bf22-4b84-915e-dba44e5f7a28', '1594322546883317761', '1461506028993638402', '1461506028981055490', 0, 0, 0, 'A');
INSERT INTO `el_paper_qu_answer` VALUES ('1c4f8df5-f0e7-4d20-a0c2-95bc728e360c', '1594326368263360514', '1286856991062446081', '1286856991045668865', 0, 0, 8, 'I');
INSERT INTO `el_paper_qu_answer` VALUES ('1c60d767-a497-418a-945f-4c45676034e6', '1356434156560584706', '1286856991062446085', '1286856991045668865', 0, 0, 3, 'D');
INSERT INTO `el_paper_qu_answer` VALUES ('1c767588-bb32-4154-b2a8-e03b4601dc8a', '1451088836384817154', '1286857269673283587', '1286857269660700674', 0, 0, 4, 'E');
INSERT INTO `el_paper_qu_answer` VALUES ('1cd1f2bc-b645-466d-ae1f-dbb2d19db619', '1356434156560584706', '1286859363679555587', '1286859363650195458', 1, 0, 1, 'B');
INSERT INTO `el_paper_qu_answer` VALUES ('1ce7de02-b006-4947-baf7-2261ae33e942', '1594321344305057793', '1461505751200690179', '1461505751183912961', 0, 0, 3, 'D');
INSERT INTO `el_paper_qu_answer` VALUES ('1da72013-ec96-4970-af85-1ba43b99955a', '1594332473823612930', '1286856991062446085', '1286856991045668865', 0, 0, 7, 'H');
INSERT INTO `el_paper_qu_answer` VALUES ('1dc3f60d-dfb0-4fb8-abc3-69c99a363e5d', '1356434156560584706', '1286856991062446083', '1286856991045668865', 0, 0, 6, 'G');
INSERT INTO `el_paper_qu_answer` VALUES ('1df02b95-4c55-49c2-a031-f1c296b38e7c', '1461504905012441090', '1286860480886951937', '1286860480865980417', 0, 0, 4, 'E');
INSERT INTO `el_paper_qu_answer` VALUES ('1e2d61ad-9a99-40d1-8ce5-2cf99bf2dd6c', '1461506333319753729', '1286859363675361281', '1286859363650195458', 0, 0, 3, 'D');
INSERT INTO `el_paper_qu_answer` VALUES ('1e46971e-3b97-46e3-b1ea-843600c7ed28', '1461504905012441090', '1286858556800323586', '1286858556779352066', 0, 0, 2, 'C');
INSERT INTO `el_paper_qu_answer` VALUES ('1e87eee2-3e1e-4201-9c80-837a15b192a8', '1356433729043566593', '1286856991058251778', '1286856991045668865', 0, 0, 3, 'D');
INSERT INTO `el_paper_qu_answer` VALUES ('1f5291c4-9f00-43cf-b073-0d1affbfabf1', '1461504905012441090', '1286859710326198274', '1286859710305226754', 0, 0, 3, 'D');
INSERT INTO `el_paper_qu_answer` VALUES ('1f85e12b-8f41-40e6-8fc8-5b789d3507e1', '1451091214807994370', '1286859363675361282', '1286859363650195458', 0, 0, 4, 'E');
INSERT INTO `el_paper_qu_answer` VALUES ('209135cc-8251-4376-addb-05c0004ea55c', '1461506333319753729', '1286856786221027332', '1286856786200055810', 0, 0, 2, 'C');
INSERT INTO `el_paper_qu_answer` VALUES ('20cb8f6d-6218-402e-b3fc-d32b5df5d7bb', '1451088836384817154', '1286858826477293569', '1286858826460516353', 1, 0, 2, 'C');
INSERT INTO `el_paper_qu_answer` VALUES ('226b3533-27bc-4c2d-9b04-45bd435c10f4', '1356434156560584706', '1286858556804517889', '1286858556779352066', 0, 0, 3, 'D');
INSERT INTO `el_paper_qu_answer` VALUES ('22900045-7469-4064-94f8-6291aec10b53', '1594320675263238146', '1286856991058251779', '1286856991045668865', 0, 0, 7, 'H');
INSERT INTO `el_paper_qu_answer` VALUES ('2324f7e6-73cb-416b-a739-637d0777afdd', '1451091214807994370', '1286859120003076098', '1286859119977910274', 0, 0, 3, 'D');
INSERT INTO `el_paper_qu_answer` VALUES ('23729185-d3ff-4a0e-b58d-f82f4704ff92', '1356433729043566593', '1286859363679555587', '1286859363650195458', 1, 0, 0, 'A');
INSERT INTO `el_paper_qu_answer` VALUES ('239f8304-6e14-443c-a3f7-f74038c72b44', '1451091214807994370', '1286860480878563329', '1286860480865980417', 0, 0, 2, 'C');
INSERT INTO `el_paper_qu_answer` VALUES ('23a9d977-446f-4c9b-abc4-94d4429b7ada', '1356433729043566593', '1286857269677477890', '1286857269660700674', 0, 0, 0, 'A');
INSERT INTO `el_paper_qu_answer` VALUES ('23cc1bc0-48fe-44a2-9f0a-a10a9c96d17a', '1461506333319753729', '1461505751196495873', '1461505751183912961', 1, 0, 3, 'D');
INSERT INTO `el_paper_qu_answer` VALUES ('249b0c1a-24ac-4a94-b42d-51b05bdae44c', '1356434156560584706', '1286856786221027332', '1286856786200055810', 0, 0, 2, 'C');
INSERT INTO `el_paper_qu_answer` VALUES ('263b40e1-dd85-4ff4-bd9d-685d80a9cae3', '1594548617222324226', '1461506028993638402', '1461506028981055490', 0, 0, 1, 'B');
INSERT INTO `el_paper_qu_answer` VALUES ('268d8ab3-3b4e-4c5c-9caa-bd4717595a46', '1356434156560584706', '1286856786216833026', '1286856786200055810', 0, 0, 4, 'E');
INSERT INTO `el_paper_qu_answer` VALUES ('269d1fda-2690-4b91-9315-202dc603ce31', '1594330522490785793', '1286856991058251778', '1286856991045668865', 0, 0, 0, 'A');
INSERT INTO `el_paper_qu_answer` VALUES ('26f3f28a-a3d6-4761-813f-a059e5c03a22', '1594323178960736257', '1286856991058251780', '1286856991045668865', 0, 0, 3, 'D');
INSERT INTO `el_paper_qu_answer` VALUES ('272139e3-704c-4c97-9ba1-5bcca67d4764', '1356433729043566593', '1286856991062446086', '1286856991045668865', 0, 0, 6, 'G');
INSERT INTO `el_paper_qu_answer` VALUES ('27aad60f-0b05-4050-afd7-35827bea0f59', '1594331690994520065', '1286856991062446083', '1286856991045668865', 0, 0, 4, 'E');
INSERT INTO `el_paper_qu_answer` VALUES ('28e4e0ab-af9c-40d6-8444-40cef36766c2', '1594326368263360514', '1286856991062446082', '1286856991045668865', 1, 0, 0, 'A');
INSERT INTO `el_paper_qu_answer` VALUES ('28fa59ff-d3f5-4a2c-8220-cd1dcc3bcb9b', '1594331690994520065', '1286856991062446085', '1286856991045668865', 0, 0, 2, 'C');
INSERT INTO `el_paper_qu_answer` VALUES ('293c5d4f-3578-44f0-aa81-30d7ea627fa1', '1451071753757646850', '1286859363675361282', '1286859363650195458', 0, 1, 2, 'C');
INSERT INTO `el_paper_qu_answer` VALUES ('2998d8d9-a8e1-4d68-b4fc-16f4f186f3a8', '1451091214807994370', '1286856503776595972', '1286856503755624449', 0, 0, 0, 'A');
INSERT INTO `el_paper_qu_answer` VALUES ('2a45bc15-4eb9-45c6-ba00-459854728f79', '1461506333319753729', '1286857269677477889', '1286857269660700674', 1, 0, 4, 'E');
INSERT INTO `el_paper_qu_answer` VALUES ('2a4f8572-58bd-46c1-a03c-f924a36d9e77', '1594548617222324226', '1594401943774580740', '1594401943707471874', 0, 0, 0, 'A');
INSERT INTO `el_paper_qu_answer` VALUES ('2a79719a-22db-48e9-8fc3-36c569e4105b', '1451088836384817154', '1286859120003076098', '1286859119977910274', 0, 0, 3, 'D');
INSERT INTO `el_paper_qu_answer` VALUES ('2b1c3a4a-c8dc-472d-bee3-fde9396ad209', '1356433729043566593', '1286856503772401665', '1286856503755624449', 0, 0, 0, 'A');
INSERT INTO `el_paper_qu_answer` VALUES ('2b1fd70d-2093-4cbb-a84a-73775660c3da', '1451088836384817154', '1286857269677477889', '1286857269660700674', 1, 0, 3, 'D');
INSERT INTO `el_paper_qu_answer` VALUES ('2b9f8c59-4a48-46cd-9614-b1e449bb4937', '1594331864445767682', '1286856991062446084', '1286856991045668865', 0, 0, 0, 'A');
INSERT INTO `el_paper_qu_answer` VALUES ('2bd6664f-754e-40c8-ab66-42c88b38e94c', '1451088836384817154', '1286856503776595973', '1286856503755624449', 0, 0, 2, 'C');
INSERT INTO `el_paper_qu_answer` VALUES ('2c55c4f0-0966-4046-adf4-32c4c6239b1e', '1451088836384817154', '1286858556804517889', '1286858556779352066', 0, 0, 3, 'D');
INSERT INTO `el_paper_qu_answer` VALUES ('2c6b9ead-df17-40a6-a995-7d510ff2b953', '1594323178960736257', '1286856991062446083', '1286856991045668865', 0, 0, 8, 'I');
INSERT INTO `el_paper_qu_answer` VALUES ('2c81a774-911a-4581-89f6-362536133468', '1451091214807994370', '1286856503772401665', '1286856503755624449', 0, 0, 4, 'E');
INSERT INTO `el_paper_qu_answer` VALUES ('2ca2138b-e139-4c08-ab9e-75210fd825f8', '1594326368263360514', '1461505751200690178', '1461505751183912961', 1, 0, 1, 'B');
INSERT INTO `el_paper_qu_answer` VALUES ('2ca45db0-c607-4098-a742-9a4013987867', '1451071753757646850', '1286856991058251778', '1286856991045668865', 0, 0, 2, 'C');
INSERT INTO `el_paper_qu_answer` VALUES ('2cc4f779-681c-430a-9fb5-8557a86cb14d', '1594332277970587650', '1461505751200690179', '1461505751183912961', 0, 0, 2, 'C');
INSERT INTO `el_paper_qu_answer` VALUES ('2d667c7a-bee2-48ba-82ca-6a43012bc2e5', '1594326368263360514', '1286856991058251779', '1286856991045668865', 0, 0, 3, 'D');
INSERT INTO `el_paper_qu_answer` VALUES ('2dddb1cf-a264-4800-bf31-5eb30092bd70', '1594321673318846465', '1461506028993638402', '1461506028981055490', 0, 0, 0, 'A');
INSERT INTO `el_paper_qu_answer` VALUES ('2e1ef9ab-8f95-4a6a-9cf8-953536255797', '1451071753757646850', '1286856991062446083', '1286856991045668865', 0, 1, 3, 'D');
INSERT INTO `el_paper_qu_answer` VALUES ('2e8a6a4a-d986-4a63-86a7-4c29ac2293f8', '1356434156560584706', '1286858556800323585', '1286858556779352066', 0, 0, 1, 'B');
INSERT INTO `el_paper_qu_answer` VALUES ('2e8b0d86-f3b3-43b7-a5c2-a5841d627dd5', '1594332473823612930', '1286856991062446082', '1286856991045668865', 1, 1, 6, 'G');
INSERT INTO `el_paper_qu_answer` VALUES ('2ec2a2f6-0a80-415b-bb14-4522260cab6c', '1461506333319753729', '1461505894155153409', '1461505894142570497', 1, 0, 0, 'A');
INSERT INTO `el_paper_qu_answer` VALUES ('2f2d2026-a16e-455f-9514-eada2c363e72', '1356434156560584706', '1286858556800323587', '1286858556779352066', 1, 0, 0, 'A');
INSERT INTO `el_paper_qu_answer` VALUES ('2fd1c7c3-7803-44e2-9e8e-c347d2965f78', '1451088836384817154', '1286856991062446086', '1286856991045668865', 0, 0, 7, 'H');
INSERT INTO `el_paper_qu_answer` VALUES ('300a8321-5173-4d87-a273-621b981724af', '1451091214807994370', '1286856991058251780', '1286856991045668865', 0, 0, 2, 'C');
INSERT INTO `el_paper_qu_answer` VALUES ('30155aac-0b28-48db-9932-e871d3669583', '1461504905012441090', '1286859710334586881', '1286859710305226754', 0, 0, 0, 'A');
INSERT INTO `el_paper_qu_answer` VALUES ('301ce900-9728-46f1-9c7b-ebd183b4ed8c', '1461504905012441090', '1286856503776595970', '1286856503755624449', 0, 0, 1, 'B');
INSERT INTO `el_paper_qu_answer` VALUES ('302c1af2-64c9-4339-9e73-9776d2cc931e', '1594326368263360514', '1286856991062446084', '1286856991045668865', 0, 0, 2, 'C');
INSERT INTO `el_paper_qu_answer` VALUES ('3051fb77-3df6-4bd3-a390-3b82271f6e2b', '1356433729043566593', '1286856503776595972', '1286856503755624449', 0, 0, 3, 'D');
INSERT INTO `el_paper_qu_answer` VALUES ('306d9797-14b8-4c2c-a839-373ff81a874b', '1594266116780216322', '1286856991062446084', '1286856991045668865', 0, 0, 2, 'C');
INSERT INTO `el_paper_qu_answer` VALUES ('3086fbdd-4cf9-4feb-bc2d-a0f6868b2952', '1451088836384817154', '1286856503776595970', '1286856503755624449', 0, 0, 3, 'D');
INSERT INTO `el_paper_qu_answer` VALUES ('30d4820d-2f67-4a36-b7f0-b1c4f7d1646e', '1356433729043566593', '1286860480882757635', '1286860480865980417', 0, 0, 4, 'E');
INSERT INTO `el_paper_qu_answer` VALUES ('30dc4ec6-f6af-4ef7-ac88-d0efb0fbc791', '1594320675263238146', '1286856991058251780', '1286856991045668865', 0, 0, 6, 'G');
INSERT INTO `el_paper_qu_answer` VALUES ('30e4b03a-3f4a-42be-927b-5d422e10531f', '1461506333319753729', '1286856991062446083', '1286856991045668865', 0, 0, 7, 'H');
INSERT INTO `el_paper_qu_answer` VALUES ('30e4fc2e-fb83-485a-80c8-23baeb6e5816', '1594320675263238146', '1286856991062446082', '1286856991045668865', 1, 0, 3, 'D');
INSERT INTO `el_paper_qu_answer` VALUES ('315091fa-8c93-4fb8-aefd-d17597ef9a09', '1594403589271343105', '1461506028993638401', '1461506028981055490', 1, 1, 0, 'A');
INSERT INTO `el_paper_qu_answer` VALUES ('31abcdec-146e-4a0c-a73a-57fa484ede4a', '1594320675263238146', '1286856991062446084', '1286856991045668865', 0, 0, 0, 'A');
INSERT INTO `el_paper_qu_answer` VALUES ('32545daf-b700-4c75-b493-5774d3592964', '1356433729043566593', '1286859710334586881', '1286859710305226754', 0, 0, 1, 'B');
INSERT INTO `el_paper_qu_answer` VALUES ('32759fbc-bdaf-432f-9f38-9111acf7f905', '1594332473823612930', '1461505751200690177', '1461505751183912961', 1, 0, 3, 'D');
INSERT INTO `el_paper_qu_answer` VALUES ('32f5daeb-b118-4693-81d0-f7668f65e10c', '1594266116780216322', '1461505751200690178', '1461505751183912961', 1, 0, 0, 'A');
INSERT INTO `el_paper_qu_answer` VALUES ('32fbc699-b510-4878-a24e-095a54402845', '1451071753757646850', '1286856786221027330', '1286856786200055810', 1, 0, 4, 'E');
INSERT INTO `el_paper_qu_answer` VALUES ('3322ec21-6b33-4805-b098-3bbde13ed82f', '1594548617222324226', '1286856991062446082', '1286856991045668865', 1, 1, 6, 'G');
INSERT INTO `el_paper_qu_answer` VALUES ('335404c9-3fe6-4198-8979-c0bdc925366a', '1594266116780216322', '1286856991062446083', '1286856991045668865', 0, 0, 7, 'H');
INSERT INTO `el_paper_qu_answer` VALUES ('343fa4ff-33f0-4ba2-a8e0-61fc439736a7', '1451071753757646850', '1286859710330392579', '1286859710305226754', 0, 0, 2, 'C');
INSERT INTO `el_paper_qu_answer` VALUES ('347191f1-dfb4-46cd-8ea2-c1eeb602f97d', '1451091214807994370', '1286860480882757634', '1286860480865980417', 0, 0, 4, 'E');
INSERT INTO `el_paper_qu_answer` VALUES ('348c9cfa-4797-4b68-a6f6-0909abb93c33', '1451088836384817154', '1286856503776595971', '1286856503755624449', 1, 0, 4, 'E');
INSERT INTO `el_paper_qu_answer` VALUES ('34a22d4b-fcc1-4ff5-ae64-dc823a2c48d6', '1594332473823612930', '1286856991062446083', '1286856991045668865', 0, 0, 0, 'A');
INSERT INTO `el_paper_qu_answer` VALUES ('34a5f18d-c2de-4a5a-b0c4-236b14552578', '1451071753757646850', '1286858826477293569', '1286858826460516353', 1, 0, 3, 'D');
INSERT INTO `el_paper_qu_answer` VALUES ('34bb699a-394c-4fc2-8a1c-dc952e7070a1', '1451091214807994370', '1286859120007270402', '1286859119977910274', 0, 0, 4, 'E');
INSERT INTO `el_paper_qu_answer` VALUES ('34e08e75-b224-4579-936d-6a50ce6d049a', '1594332077981978625', '1461506028993638401', '1461506028981055490', 1, 0, 0, 'A');
INSERT INTO `el_paper_qu_answer` VALUES ('34eb62aa-5fc6-41f7-986e-54de04444b65', '1451071753757646850', '1286856786216833025', '1286856786200055810', 0, 0, 1, 'B');
INSERT INTO `el_paper_qu_answer` VALUES ('362ef277-decc-43f1-83f3-53be0ba4fed0', '1356433729043566593', '1286856786216833026', '1286856786200055810', 0, 0, 3, 'D');
INSERT INTO `el_paper_qu_answer` VALUES ('36c2568f-a20b-46f7-9a01-2381f8f15e66', '1594322546883317761', '1286856991062446083', '1286856991045668865', 0, 0, 7, 'H');
INSERT INTO `el_paper_qu_answer` VALUES ('37386bc3-bdc4-46e0-aa80-060f61a3bff5', '1451091214807994370', '1286856503776595970', '1286856503755624449', 0, 0, 2, 'C');
INSERT INTO `el_paper_qu_answer` VALUES ('375b3dbd-3c98-4a90-85db-28e986a780e7', '1461506333319753729', '1286858556804517889', '1286858556779352066', 0, 0, 3, 'D');
INSERT INTO `el_paper_qu_answer` VALUES ('37c87fbc-03a7-4406-b575-447cc69a66f3', '1461506333319753729', '1461505492395356162', '1461505492353413121', 0, 1, 3, 'D');
INSERT INTO `el_paper_qu_answer` VALUES ('389b1390-5f45-47e6-b4c5-d8c010f0102d', '1461504905012441090', '1286857269673283585', '1286857269660700674', 0, 0, 0, 'A');
INSERT INTO `el_paper_qu_answer` VALUES ('39a40088-6151-478c-a45f-46f7fb04bb7c', '1356434156560584706', '1286859363679555586', '1286859363650195458', 0, 0, 0, 'A');
INSERT INTO `el_paper_qu_answer` VALUES ('3a7ef1d8-5842-4d7a-906a-1b54192bab4b', '1451071753757646850', '1286856503776595971', '1286856503755624449', 1, 0, 0, 'A');
INSERT INTO `el_paper_qu_answer` VALUES ('3abbeef5-cbd0-49c2-8e4e-62af4a48aa57', '1451071753757646850', '1286856991062446082', '1286856991045668865', 1, 0, 1, 'B');
INSERT INTO `el_paper_qu_answer` VALUES ('3b94eca2-5c4c-4f24-a34b-d1d755a4de61', '1461506333319753729', '1461505492395356161', '1461505492353413121', 1, 0, 1, 'B');
INSERT INTO `el_paper_qu_answer` VALUES ('3b96aebc-ab64-41da-8c44-46000caa8907', '1356434156560584706', '1286859120007270402', '1286859119977910274', 0, 0, 3, 'D');
INSERT INTO `el_paper_qu_answer` VALUES ('3cac68af-c5af-4af5-90c8-562a4326a299', '1356434156560584706', '1286856503776595970', '1286856503755624449', 0, 0, 3, 'D');
INSERT INTO `el_paper_qu_answer` VALUES ('3da3e4c1-ccdc-4771-8a32-658787e17946', '1461504905012441090', '1286859710330392580', '1286859710305226754', 0, 0, 4, 'E');
INSERT INTO `el_paper_qu_answer` VALUES ('3dcd80e1-6daf-41a8-81f2-08b0f73021cd', '1594403589271343105', '1286856991062446083', '1286856991045668865', 0, 0, 8, 'I');
INSERT INTO `el_paper_qu_answer` VALUES ('3e0c1506-e896-40e6-96bb-f67684b73261', '1451088836384817154', '1286857269673283586', '1286857269660700674', 0, 0, 0, 'A');
INSERT INTO `el_paper_qu_answer` VALUES ('3e17bd12-e2c5-4c60-8b6e-51d393cf0565', '1594323178960736257', '1286856991062446086', '1286856991045668865', 0, 0, 2, 'C');
INSERT INTO `el_paper_qu_answer` VALUES ('3e1e436b-2bc6-414c-8cee-8d8e6c958a98', '1356434156560584706', '1286857269673283587', '1286857269660700674', 0, 0, 0, 'A');
INSERT INTO `el_paper_qu_answer` VALUES ('3ebc24b7-9eff-41de-b1bd-884dee042229', '1594332473823612930', '1286856991062446081', '1286856991045668865', 0, 0, 4, 'E');
INSERT INTO `el_paper_qu_answer` VALUES ('3f01d1ac-bb30-47f7-b577-9facb3172def', '1451088836384817154', '1286856991062446082', '1286856991045668865', 1, 0, 5, 'F');
INSERT INTO `el_paper_qu_answer` VALUES ('3f0248a8-31d9-4178-b49f-413b3301def9', '1356433729043566593', '1286859710330392580', '1286859710305226754', 0, 0, 2, 'C');
INSERT INTO `el_paper_qu_answer` VALUES ('3f1b291a-3ddc-43f2-a32c-f61f928098fd', '1356434156560584706', '1286859710330392579', '1286859710305226754', 0, 0, 1, 'B');
INSERT INTO `el_paper_qu_answer` VALUES ('3fba7b23-05b9-4ef5-94af-4316ec4b119b', '1594548617222324226', '1594401943774580737', '1594401943707471874', 1, 0, 3, 'D');
INSERT INTO `el_paper_qu_answer` VALUES ('3fd02a47-48cc-4cb0-b973-fc33e3e577ab', '1451071753757646850', '1286856503776595972', '1286856503755624449', 0, 0, 1, 'B');
INSERT INTO `el_paper_qu_answer` VALUES ('41024858-6d65-4712-9d74-5730ea18c881', '1594403589271343105', '1594401943774580740', '1594401943707471874', 0, 0, 0, 'A');
INSERT INTO `el_paper_qu_answer` VALUES ('42a0da68-1806-42f1-978c-0edda57df292', '1356434156560584706', '1286858826485682180', '1286858826460516353', 0, 0, 1, 'B');
INSERT INTO `el_paper_qu_answer` VALUES ('4375ad20-a819-467d-b965-b07457ed0253', '1451091214807994370', '1286860480882757635', '1286860480865980417', 0, 1, 0, 'A');
INSERT INTO `el_paper_qu_answer` VALUES ('4396ae46-f7da-48ab-ae91-7a1562ff8cbb', '1461504905012441090', '1286856503772401665', '1286856503755624449', 0, 0, 4, 'E');
INSERT INTO `el_paper_qu_answer` VALUES ('43ef4e05-ad14-4704-ad94-747b32254a25', '1451091214807994370', '1286856786221027330', '1286856786200055810', 1, 0, 2, 'C');
INSERT INTO `el_paper_qu_answer` VALUES ('444959c5-80a8-4953-8e31-f94ff1742abf', '1594321673318846465', '1286856991062446085', '1286856991045668865', 0, 0, 4, 'E');
INSERT INTO `el_paper_qu_answer` VALUES ('44574dc6-81a7-4d5b-8d8a-980b1bedd051', '1461504905012441090', '1286858826485682181', '1286858826460516353', 0, 0, 3, 'D');
INSERT INTO `el_paper_qu_answer` VALUES ('447aaba8-1dd5-46e1-955e-2c621cfc3787', '1451088836384817154', '1286856503776595972', '1286856503755624449', 0, 0, 1, 'B');
INSERT INTO `el_paper_qu_answer` VALUES ('447c8c71-b0cf-4e5a-9ae9-2d5aba5ac52c', '1451088836384817154', '1286856786216833026', '1286856786200055810', 0, 0, 1, 'B');
INSERT INTO `el_paper_qu_answer` VALUES ('4497ccaa-6454-415f-9dc8-c49491704b02', '1461506333319753729', '1286857269673283586', '1286857269660700674', 0, 0, 0, 'A');
INSERT INTO `el_paper_qu_answer` VALUES ('45714ef2-9280-4b1a-89bc-047a13cc657d', '1594327085464178689', '1286856991058251780', '1286856991045668865', 0, 0, 6, 'G');
INSERT INTO `el_paper_qu_answer` VALUES ('45b7334e-8838-4838-846a-a7732b347a06', '1451088836384817154', '1286857269677477890', '1286857269660700674', 0, 0, 2, 'C');
INSERT INTO `el_paper_qu_answer` VALUES ('4638058d-85d5-4d65-8f37-a9ffb45c5983', '1594327019366141953', '1286856991062446081', '1286856991045668865', 0, 0, 2, 'C');
INSERT INTO `el_paper_qu_answer` VALUES ('46c6ec21-baeb-4dab-822d-41e6d00ea50a', '1594330522490785793', '1461505751200690177', '1461505751183912961', 1, 0, 0, 'A');
INSERT INTO `el_paper_qu_answer` VALUES ('46cbf490-072e-4ffd-873c-430b80bc19b1', '1594321344305057793', '1286856991062446082', '1286856991045668865', 1, 1, 3, 'D');
INSERT INTO `el_paper_qu_answer` VALUES ('47ada18a-adf0-4f76-84d3-2728fed6fa6b', '1594403589271343105', '1286856991058251778', '1286856991045668865', 0, 0, 0, 'A');
INSERT INTO `el_paper_qu_answer` VALUES ('47b37f96-d170-4cfc-8c82-886dc0502efa', '1356434156560584706', '1286858826477293569', '1286858826460516353', 1, 0, 2, 'C');
INSERT INTO `el_paper_qu_answer` VALUES ('48879697-660a-4c91-811f-6219ed9c5574', '1594330522490785793', '1286856991062446082', '1286856991045668865', 1, 0, 8, 'I');
INSERT INTO `el_paper_qu_answer` VALUES ('4888020c-e8fe-4609-b4fe-8ad0ceb4603b', '1461506333319753729', '1286856786221027330', '1286856786200055810', 1, 0, 3, 'D');
INSERT INTO `el_paper_qu_answer` VALUES ('4aad557d-69c7-42d1-827a-492626061200', '1594320675263238146', '1461505751200690177', '1461505751183912961', 1, 1, 2, 'C');
INSERT INTO `el_paper_qu_answer` VALUES ('4b07d644-6c9b-4b37-b5a3-4805179d7cc2', '1356433729043566593', '1286857269673283586', '1286857269660700674', 0, 0, 2, 'C');
INSERT INTO `el_paper_qu_answer` VALUES ('4b0834f7-521b-4cc1-ba37-504206d8a3d6', '1594323178960736257', '1461505751196495873', '1461505751183912961', 1, 0, 1, 'B');
INSERT INTO `el_paper_qu_answer` VALUES ('4b43a3a9-b9dc-486c-968d-2fb036757b63', '1594548617222324226', '1286856991062446081', '1286856991045668865', 0, 0, 1, 'B');
INSERT INTO `el_paper_qu_answer` VALUES ('4b776833-2a07-4c48-9621-51b9dd18910c', '1594321673318846465', '1286856991062446081', '1286856991045668865', 0, 0, 3, 'D');
INSERT INTO `el_paper_qu_answer` VALUES ('4b7d92a3-10fd-4868-9396-e01fa665c15a', '1594321344305057793', '1286856991058251779', '1286856991045668865', 0, 0, 8, 'I');
INSERT INTO `el_paper_qu_answer` VALUES ('4bccc610-a6de-4c48-bc91-5cae5e98f268', '1356433729043566593', '1286859119998881794', '1286859119977910274', 0, 0, 3, 'D');
INSERT INTO `el_paper_qu_answer` VALUES ('4c5cc0dc-22b6-4280-be70-d7f51419bccd', '1356433729043566593', '1286859363675361281', '1286859363650195458', 0, 1, 2, 'C');
INSERT INTO `el_paper_qu_answer` VALUES ('4c641cde-376d-441c-9600-e702fddc2040', '1594321673318846465', '1286856991062446084', '1286856991045668865', 0, 0, 5, 'F');
INSERT INTO `el_paper_qu_answer` VALUES ('4c7f185e-439d-4398-bee2-e4be072c7f00', '1461506333319753729', '1286857269673283587', '1286857269660700674', 0, 0, 2, 'C');
INSERT INTO `el_paper_qu_answer` VALUES ('4cb8bfae-6814-4b01-af16-a6e0f4275937', '1451071753757646850', '1286860480886951937', '1286860480865980417', 0, 1, 2, 'C');
INSERT INTO `el_paper_qu_answer` VALUES ('4ce68700-fe50-494b-95dc-fb6128cf0b24', '1461504905012441090', '1286858556804517889', '1286858556779352066', 0, 0, 0, 'A');
INSERT INTO `el_paper_qu_answer` VALUES ('4ef22937-9f3a-4479-a44b-d70fa116c550', '1594327019366141953', '1461506028993638401', '1461506028981055490', 1, 1, 1, 'B');
INSERT INTO `el_paper_qu_answer` VALUES ('4eff98bd-3cc0-4c4e-a594-654d58a61ef1', '1594321344305057793', '1461505751200690178', '1461505751183912961', 1, 0, 1, 'B');
INSERT INTO `el_paper_qu_answer` VALUES ('4f1488e2-a23c-4355-99b1-55e7ff146473', '1356434156560584706', '1286859120003076099', '1286859119977910274', 0, 0, 1, 'B');
INSERT INTO `el_paper_qu_answer` VALUES ('4fa7a35a-de03-452d-b101-30d3d1c7550a', '1451091214807994370', '1286859363679555587', '1286859363650195458', 1, 0, 3, 'D');
INSERT INTO `el_paper_qu_answer` VALUES ('4fccb537-d12a-4e05-bf94-3b0c600b0bbb', '1356434156560584706', '1286856786216833025', '1286856786200055810', 0, 0, 1, 'B');
INSERT INTO `el_paper_qu_answer` VALUES ('5060274c-3869-4689-b833-163196bb1509', '1594320675263238146', '1286856991062446083', '1286856991045668865', 0, 1, 4, 'E');
INSERT INTO `el_paper_qu_answer` VALUES ('5094fad9-1934-4a6d-8fed-4faa4aeeda1a', '1451071753757646850', '1286856503776595970', '1286856503755624449', 0, 0, 2, 'C');
INSERT INTO `el_paper_qu_answer` VALUES ('50dea7b7-6c1b-4b16-99dd-f9b4383e818d', '1461504905012441090', '1286859120007270402', '1286859119977910274', 0, 0, 0, 'A');
INSERT INTO `el_paper_qu_answer` VALUES ('50fe39ea-21bc-41b3-ad6f-6bcffac936c5', '1594321152998658049', '1286856991062446086', '1286856991045668865', 0, 0, 0, 'A');
INSERT INTO `el_paper_qu_answer` VALUES ('511f11cf-0b29-4990-ad40-f227ef0920d4', '1594327019366141953', '1286856991062446082', '1286856991045668865', 1, 1, 6, 'G');
INSERT INTO `el_paper_qu_answer` VALUES ('512548ac-43c4-4f59-b3bd-c588ebdfe78c', '1594332277970587650', '1461506028993638402', '1461506028981055490', 0, 0, 0, 'A');
INSERT INTO `el_paper_qu_answer` VALUES ('5134f8ee-1e16-4387-9eeb-511daff1feac', '1594331690994520065', '1286856991062446082', '1286856991045668865', 1, 1, 1, 'B');
INSERT INTO `el_paper_qu_answer` VALUES ('5141ee80-61af-4d7b-8c1a-b073b08b75a4', '1461504905012441090', '1286857269677477890', '1286857269660700674', 0, 0, 2, 'C');
INSERT INTO `el_paper_qu_answer` VALUES ('51e2eae8-1de6-47f5-9200-17f348a441f4', '1356433729043566593', '1286856503776595973', '1286856503755624449', 0, 0, 4, 'E');
INSERT INTO `el_paper_qu_answer` VALUES ('5221e2d2-d5b5-4004-bed0-3ec12225d4a2', '1451091214807994370', '1286859710334586881', '1286859710305226754', 0, 0, 0, 'A');
INSERT INTO `el_paper_qu_answer` VALUES ('5234f198-b143-48cf-8019-d80ea6d2fa70', '1461506333319753729', '1286858556800323586', '1286858556779352066', 0, 0, 0, 'A');
INSERT INTO `el_paper_qu_answer` VALUES ('52495f5e-0770-42e1-ac60-64bd90e66660', '1356434156560584706', '1286860480878563329', '1286860480865980417', 0, 0, 3, 'D');
INSERT INTO `el_paper_qu_answer` VALUES ('52ce9d0d-15dc-4739-92fd-c6b8ce6914e5', '1356433729043566593', '1286856991062446084', '1286856991045668865', 0, 1, 2, 'C');
INSERT INTO `el_paper_qu_answer` VALUES ('534a67a2-d39f-4f3d-acbf-7a8abeaa8bec', '1594330522490785793', '1461505751200690179', '1461505751183912961', 0, 0, 3, 'D');
INSERT INTO `el_paper_qu_answer` VALUES ('5393c907-8f4c-43ba-9e86-aebacf856798', '1461506333319753729', '1461505751200690177', '1461505751183912961', 1, 1, 2, 'C');
INSERT INTO `el_paper_qu_answer` VALUES ('53b7fab9-48d3-4fa6-a87b-c430efc31ab7', '1594332473823612930', '1286856991058251779', '1286856991045668865', 0, 0, 3, 'D');
INSERT INTO `el_paper_qu_answer` VALUES ('5450567f-b2d2-4c39-b999-fc50d4d9ff53', '1451071753757646850', '1286859119998881794', '1286859119977910274', 0, 0, 0, 'A');
INSERT INTO `el_paper_qu_answer` VALUES ('545e4397-ca12-4e5a-9167-fbb2218f5e2c', '1461504905012441090', '1286859363675361282', '1286859363650195458', 0, 0, 0, 'A');
INSERT INTO `el_paper_qu_answer` VALUES ('54d2efb3-5de9-48f6-a6f8-732ffa2d2805', '1594321152998658049', '1286856991062446084', '1286856991045668865', 0, 0, 6, 'G');
INSERT INTO `el_paper_qu_answer` VALUES ('55f09af1-30fa-43d5-8924-88eb23257c89', '1356434156560584706', '1286860480882757634', '1286860480865980417', 0, 0, 0, 'A');
INSERT INTO `el_paper_qu_answer` VALUES ('5610900f-0180-422a-8a9e-599257592656', '1461504905012441090', '1286856991062446082', '1286856991045668865', 1, 0, 4, 'E');
INSERT INTO `el_paper_qu_answer` VALUES ('56939f22-d00c-42bb-a5c8-7030a1c69039', '1594332077981978625', '1461505751200690179', '1461505751183912961', 0, 0, 2, 'C');
INSERT INTO `el_paper_qu_answer` VALUES ('56df1338-03d9-4858-828e-156a47e42147', '1594327019366141953', '1286856991058251778', '1286856991045668865', 0, 0, 3, 'D');
INSERT INTO `el_paper_qu_answer` VALUES ('573ff2be-bfd2-4562-b290-e72b25571d82', '1594403589271343105', '1286856991062446081', '1286856991045668865', 0, 0, 7, 'H');
INSERT INTO `el_paper_qu_answer` VALUES ('57461d31-0ba2-42a8-a1c5-80be2882f363', '1356434156560584706', '1286857269673283586', '1286857269660700674', 0, 0, 2, 'C');
INSERT INTO `el_paper_qu_answer` VALUES ('574bc5aa-4981-413d-baf6-79394f16ce48', '1594330522490785793', '1461506028993638402', '1461506028981055490', 0, 0, 1, 'B');
INSERT INTO `el_paper_qu_answer` VALUES ('576e9435-dd60-4efd-a961-e5aed279b12e', '1451088836384817154', '1286859363679555588', '1286859363650195458', 0, 0, 1, 'B');
INSERT INTO `el_paper_qu_answer` VALUES ('57b2442a-19bc-4564-b8f9-965a817957e1', '1356433729043566593', '1286856991058251779', '1286856991045668865', 0, 0, 0, 'A');
INSERT INTO `el_paper_qu_answer` VALUES ('57c2453c-9ef1-4d89-b506-f569e93e9c56', '1356434156560584706', '1286859120003076100', '1286859119977910274', 1, 0, 2, 'C');
INSERT INTO `el_paper_qu_answer` VALUES ('58701b4a-b6d4-4834-8e40-7063a336a8de', '1356433729043566593', '1286859363679555588', '1286859363650195458', 0, 0, 4, 'E');
INSERT INTO `el_paper_qu_answer` VALUES ('5880c0f7-dab1-497e-bfcd-55171e48f6b1', '1594322546883317761', '1461505751200690178', '1461505751183912961', 1, 1, 3, 'D');
INSERT INTO `el_paper_qu_answer` VALUES ('58c2157a-6d53-4841-80be-abde0ef21e37', '1451088836384817154', '1286859363675361281', '1286859363650195458', 0, 0, 3, 'D');
INSERT INTO `el_paper_qu_answer` VALUES ('59b09e83-9acb-4f48-8216-b45661f9f77e', '1451088836384817154', '1286858556800323586', '1286858556779352066', 0, 0, 1, 'B');
INSERT INTO `el_paper_qu_answer` VALUES ('59dac195-e26e-4d5e-9328-6e1371499ac8', '1356433729043566593', '1286858826477293569', '1286858826460516353', 1, 0, 2, 'C');
INSERT INTO `el_paper_qu_answer` VALUES ('5afc41e8-a4c9-4b76-80e4-7f9399c8328d', '1594548617222324226', '1286856991062446084', '1286856991045668865', 0, 0, 2, 'C');
INSERT INTO `el_paper_qu_answer` VALUES ('5b32c478-3875-45cc-8869-64ea0965cd3f', '1594266116780216322', '1286856991058251780', '1286856991045668865', 0, 0, 8, 'I');
INSERT INTO `el_paper_qu_answer` VALUES ('5bfc6f13-e518-48fe-8b68-1766203d3739', '1356433729043566593', '1286859120007270402', '1286859119977910274', 0, 0, 1, 'B');
INSERT INTO `el_paper_qu_answer` VALUES ('5c7548de-a93f-4513-ae98-f51345de4c32', '1594326368263360514', '1286856991062446086', '1286856991045668865', 0, 0, 7, 'H');
INSERT INTO `el_paper_qu_answer` VALUES ('5cbb6392-7934-481d-b00b-73e556b53091', '1451091214807994370', '1286859710330392580', '1286859710305226754', 0, 0, 2, 'C');
INSERT INTO `el_paper_qu_answer` VALUES ('5df5189a-317f-431b-8f3a-f2cc930a0149', '1594322546883317761', '1286856991058251778', '1286856991045668865', 0, 0, 6, 'G');
INSERT INTO `el_paper_qu_answer` VALUES ('5e1204c7-6016-45ab-91d6-80f00618517d', '1451091214807994370', '1286859363679555586', '1286859363650195458', 0, 0, 2, 'C');
INSERT INTO `el_paper_qu_answer` VALUES ('5e63b7de-3909-4887-b79b-2e0b2f779c23', '1451091214807994370', '1286858826485682178', '1286858826460516353', 0, 1, 2, 'C');
INSERT INTO `el_paper_qu_answer` VALUES ('5eab708c-1636-4101-9dfe-6fd538202c64', '1594332077981978625', '1461505751200690178', '1461505751183912961', 1, 0, 3, 'D');
INSERT INTO `el_paper_qu_answer` VALUES ('5ebcb7bc-a258-4887-8349-c6c0218dffa0', '1594332473823612930', '1286856991058251780', '1286856991045668865', 0, 0, 5, 'F');
INSERT INTO `el_paper_qu_answer` VALUES ('5f2ecd1d-f825-4d95-a19c-3519f129fb2c', '1451088836384817154', '1286858826485682181', '1286858826460516353', 0, 0, 1, 'B');
INSERT INTO `el_paper_qu_answer` VALUES ('5f305e1b-6b1f-41ee-bcd5-fa31b57356a2', '1461504905012441090', '1286856991058251778', '1286856991045668865', 0, 0, 2, 'C');
INSERT INTO `el_paper_qu_answer` VALUES ('5fd5d9de-ebb5-4cab-a946-2bb461a445d2', '1594332473823612930', '1286856991062446084', '1286856991045668865', 0, 0, 1, 'B');
INSERT INTO `el_paper_qu_answer` VALUES ('6008b937-f931-416e-af4b-25c32fb02039', '1461504905012441090', '1286859363679555588', '1286859363650195458', 0, 0, 1, 'B');
INSERT INTO `el_paper_qu_answer` VALUES ('60891ef5-2b9b-4320-913f-82e19d1ffa95', '1461506333319753729', '1286858826477293569', '1286858826460516353', 1, 0, 0, 'A');
INSERT INTO `el_paper_qu_answer` VALUES ('609f1013-d7f5-46d6-a381-f07f8b68346a', '1356433729043566593', '1286856991062446082', '1286856991045668865', 1, 0, 1, 'B');
INSERT INTO `el_paper_qu_answer` VALUES ('613d555e-988e-4026-8502-f6e35aefc94a', '1451091214807994370', '1286856991062446085', '1286856991045668865', 0, 0, 0, 'A');
INSERT INTO `el_paper_qu_answer` VALUES ('61c4df44-903a-4691-bc25-8e607caf6afe', '1461506333319753729', '1461505492391161858', '1461505492353413121', 1, 0, 0, 'A');
INSERT INTO `el_paper_qu_answer` VALUES ('61d79113-3c2a-4959-a501-bc4663c57097', '1451088836384817154', '1286858826485682178', '1286858826460516353', 0, 0, 4, 'E');
INSERT INTO `el_paper_qu_answer` VALUES ('623d1f9b-d05e-46fb-afb9-8361c97f1384', '1594403589271343105', '1286856991062446084', '1286856991045668865', 0, 0, 2, 'C');
INSERT INTO `el_paper_qu_answer` VALUES ('62b6e892-c0cd-43c7-b497-a63f8448534f', '1356433729043566593', '1286859363679555586', '1286859363650195458', 0, 0, 1, 'B');
INSERT INTO `el_paper_qu_answer` VALUES ('62bacdc5-7e3b-4fd4-a460-19b126367a61', '1594321152998658049', '1461505751200690179', '1461505751183912961', 0, 0, 1, 'B');
INSERT INTO `el_paper_qu_answer` VALUES ('632fbea4-0946-4163-b1e5-e64a884dbf8c', '1594266116780216322', '1461506028993638401', '1461506028981055490', 1, 0, 1, 'B');
INSERT INTO `el_paper_qu_answer` VALUES ('63f764ff-bb27-4260-bfbd-31e6a639ef6b', '1356434156560584706', '1286856503776595971', '1286856503755624449', 1, 0, 2, 'C');
INSERT INTO `el_paper_qu_answer` VALUES ('6434d6cf-ea38-4853-9084-7cdcdbf1dc21', '1594323178960736257', '1286856991058251778', '1286856991045668865', 0, 0, 4, 'E');
INSERT INTO `el_paper_qu_answer` VALUES ('646a9144-111d-490a-af97-b8b87a2a56e3', '1451091214807994370', '1286858826485682180', '1286858826460516353', 0, 0, 3, 'D');
INSERT INTO `el_paper_qu_answer` VALUES ('647a24d5-bd72-4888-85f8-1535556063b1', '1356433729043566593', '1286858556800323588', '1286858556779352066', 0, 0, 4, 'E');
INSERT INTO `el_paper_qu_answer` VALUES ('6506cf6d-413f-4f63-8922-6802fb093b93', '1594266116780216322', '1286856991062446085', '1286856991045668865', 0, 0, 0, 'A');
INSERT INTO `el_paper_qu_answer` VALUES ('650a2f9d-cf88-4855-8bb2-83bf7a2293a0', '1594320675263238146', '1461505751200690179', '1461505751183912961', 0, 0, 0, 'A');
INSERT INTO `el_paper_qu_answer` VALUES ('652ea3a0-5262-4daa-8887-5cea8e8c36ec', '1594266116780216322', '1286856991058251779', '1286856991045668865', 0, 0, 3, 'D');
INSERT INTO `el_paper_qu_answer` VALUES ('6603c1c4-fa73-4220-bfa0-48572f2270fc', '1356433729043566593', '1286857269673283587', '1286857269660700674', 0, 1, 1, 'B');
INSERT INTO `el_paper_qu_answer` VALUES ('66e8d672-0b54-46c0-a8af-6ba6c72ad34e', '1451071753757646850', '1286857269673283585', '1286857269660700674', 0, 1, 2, 'C');
INSERT INTO `el_paper_qu_answer` VALUES ('66f23d25-6e11-420b-b47a-5a70410fb621', '1451091214807994370', '1286858826485682179', '1286858826460516353', 0, 0, 1, 'B');
INSERT INTO `el_paper_qu_answer` VALUES ('67b21bde-b8ec-4e1f-998e-ee006b986f16', '1461506333319753729', '1286858556800323588', '1286858556779352066', 0, 0, 2, 'C');
INSERT INTO `el_paper_qu_answer` VALUES ('67ce38c4-3466-41d5-adb9-90419c74fd84', '1451071753757646850', '1286856991062446084', '1286856991045668865', 0, 0, 0, 'A');
INSERT INTO `el_paper_qu_answer` VALUES ('6887af85-c91f-4a60-a1a5-e7f4b744cbd7', '1451091214807994370', '1286857269673283587', '1286857269660700674', 0, 0, 0, 'A');
INSERT INTO `el_paper_qu_answer` VALUES ('691f9165-1d76-48b6-bb59-4ec40f551cc8', '1594321344305057793', '1461506028993638401', '1461506028981055490', 1, 0, 1, 'B');
INSERT INTO `el_paper_qu_answer` VALUES ('6998630d-65f4-4068-9075-0f24ba1f8284', '1451091214807994370', '1286856991062446083', '1286856991045668865', 0, 0, 8, 'I');
INSERT INTO `el_paper_qu_answer` VALUES ('6a7fec58-0153-4a29-9a4e-2ca5e7a39958', '1594326368263360514', '1461505751200690179', '1461505751183912961', 0, 0, 3, 'D');
INSERT INTO `el_paper_qu_answer` VALUES ('6a9e5a23-ded4-4bea-b282-e657fa54746d', '1451091214807994370', '1286858826485682181', '1286858826460516353', 0, 0, 4, 'E');
INSERT INTO `el_paper_qu_answer` VALUES ('6b101f26-c0dd-48e1-a77f-59528c2cbdb8', '1461506333319753729', '1286858556800323585', '1286858556779352066', 0, 0, 4, 'E');
INSERT INTO `el_paper_qu_answer` VALUES ('6b66149a-9842-4455-a771-081a12c2f325', '1451071753757646850', '1286859120003076100', '1286859119977910274', 1, 0, 4, 'E');
INSERT INTO `el_paper_qu_answer` VALUES ('6b71c3b9-6424-425f-a90b-9d490f87e06c', '1594403589271343105', '1286856991058251780', '1286856991045668865', 0, 0, 4, 'E');
INSERT INTO `el_paper_qu_answer` VALUES ('6c10911b-c7f9-4aec-8699-284499521091', '1594403589271343105', '1594401943774580739', '1594401943707471874', 0, 0, 2, 'C');
INSERT INTO `el_paper_qu_answer` VALUES ('6d9995b3-502f-4374-810a-694069b8a09c', '1451088836384817154', '1286859710330392580', '1286859710305226754', 0, 0, 2, 'C');
INSERT INTO `el_paper_qu_answer` VALUES ('6db05ac5-5d5c-4ad0-b903-f01dabb051e6', '1594332473823612930', '1286856991062446086', '1286856991045668865', 0, 0, 2, 'C');
INSERT INTO `el_paper_qu_answer` VALUES ('6e16f0dc-1c15-4f4e-87c8-87d3d4d20eaf', '1451088836384817154', '1286856786216833025', '1286856786200055810', 0, 0, 4, 'E');
INSERT INTO `el_paper_qu_answer` VALUES ('6e5def48-0ec5-42e2-830b-d9fe41f5d655', '1451091214807994370', '1286856503776595971', '1286856503755624449', 1, 0, 3, 'D');
INSERT INTO `el_paper_qu_answer` VALUES ('6f1a433b-6e6b-469a-9b7e-7e67053b58b1', '1356433729043566593', '1286856503776595970', '1286856503755624449', 0, 1, 2, 'C');
INSERT INTO `el_paper_qu_answer` VALUES ('6fde1aeb-e528-462c-9a44-5abe99f2921a', '1594322546883317761', '1286856991058251779', '1286856991045668865', 0, 0, 2, 'C');
INSERT INTO `el_paper_qu_answer` VALUES ('700fdbb4-da14-4353-ab5a-24cd0eeba191', '1356433729043566593', '1286856991062446081', '1286856991045668865', 0, 0, 7, 'H');
INSERT INTO `el_paper_qu_answer` VALUES ('712dbd90-9b2e-42ac-bdba-82cda08c6953', '1356433729043566593', '1286858556800323586', '1286858556779352066', 0, 0, 3, 'D');
INSERT INTO `el_paper_qu_answer` VALUES ('71528267-82c3-4bf1-99fc-a23977dd21f4', '1594321152998658049', '1286856991058251779', '1286856991045668865', 0, 0, 4, 'E');
INSERT INTO `el_paper_qu_answer` VALUES ('71690873-7085-44a6-8d22-14a8ebbd2344', '1451091214807994370', '1286856503776595973', '1286856503755624449', 0, 0, 1, 'B');
INSERT INTO `el_paper_qu_answer` VALUES ('7259ace8-8f85-4223-884c-241d11655284', '1451071753757646850', '1286856503776595973', '1286856503755624449', 0, 1, 3, 'D');
INSERT INTO `el_paper_qu_answer` VALUES ('7294a334-2cb6-4605-a0fa-165961de5312', '1356434156560584706', '1286856503772401665', '1286856503755624449', 0, 0, 1, 'B');
INSERT INTO `el_paper_qu_answer` VALUES ('72cfc9fe-1a1e-476b-9cb1-db24343908ae', '1594332277970587650', '1461505751196495873', '1461505751183912961', 1, 0, 0, 'A');
INSERT INTO `el_paper_qu_answer` VALUES ('733e0136-3cc5-447a-add6-82e4624718a0', '1451071753757646850', '1286858556800323587', '1286858556779352066', 1, 1, 3, 'D');
INSERT INTO `el_paper_qu_answer` VALUES ('738c8d1a-643f-44bc-89bc-4b5404d54d3a', '1356434156560584706', '1286858556800323588', '1286858556779352066', 0, 0, 4, 'E');
INSERT INTO `el_paper_qu_answer` VALUES ('7413caa4-8f8c-4ddb-a2c5-25e03de63505', '1594321152998658049', '1286856991062446081', '1286856991045668865', 0, 0, 3, 'D');
INSERT INTO `el_paper_qu_answer` VALUES ('7471c19a-ca04-499d-aea6-c04dbd8b17ed', '1451091214807994370', '1286856991058251778', '1286856991045668865', 0, 0, 6, 'G');
INSERT INTO `el_paper_qu_answer` VALUES ('750457d7-ff26-41f1-aa14-ece5d77a3a7a', '1594323178960736257', '1286856991062446084', '1286856991045668865', 0, 0, 6, 'G');
INSERT INTO `el_paper_qu_answer` VALUES ('759e81c7-1a7b-4273-8709-3181c57b75d2', '1594322546883317761', '1461506028993638401', '1461506028981055490', 1, 1, 1, 'B');
INSERT INTO `el_paper_qu_answer` VALUES ('75bbb8f8-093f-426d-9854-9c101ea281b2', '1594327019366141953', '1461506028993638402', '1461506028981055490', 0, 0, 0, 'A');
INSERT INTO `el_paper_qu_answer` VALUES ('7619e35b-4023-4667-ab62-95721391ddc9', '1594326368263360514', '1286856991058251780', '1286856991045668865', 0, 0, 5, 'F');
INSERT INTO `el_paper_qu_answer` VALUES ('7663dbf6-7206-4fe1-bd83-40d63c8efa1f', '1594266116780216322', '1286856991062446081', '1286856991045668865', 0, 0, 5, 'F');
INSERT INTO `el_paper_qu_answer` VALUES ('774657c0-051d-4ba4-8895-e966257a8bd0', '1356434156560584706', '1286859119998881794', '1286859119977910274', 0, 0, 0, 'A');
INSERT INTO `el_paper_qu_answer` VALUES ('7767333c-dd0d-461a-9d3d-7d10fd93d431', '1594321673318846465', '1286856991062446083', '1286856991045668865', 0, 0, 7, 'H');
INSERT INTO `el_paper_qu_answer` VALUES ('77800f7f-8c77-4ffe-9cf4-fcf5dff23b31', '1451091214807994370', '1286858556800323585', '1286858556779352066', 0, 0, 0, 'A');
INSERT INTO `el_paper_qu_answer` VALUES ('77cc1389-e0ae-44e0-ae02-76dcc8f9006b', '1594331864445767682', '1461506028993638401', '1461506028981055490', 1, 0, 0, 'A');
INSERT INTO `el_paper_qu_answer` VALUES ('78ba023e-4196-4bb1-93fa-56a54fa76296', '1451071753757646850', '1286857269677477890', '1286857269660700674', 0, 0, 0, 'A');
INSERT INTO `el_paper_qu_answer` VALUES ('78c6ab98-e73b-4212-a5a1-0ab76762b791', '1594330522490785793', '1286856991062446084', '1286856991045668865', 0, 0, 4, 'E');
INSERT INTO `el_paper_qu_answer` VALUES ('78de7c35-cd18-4858-a4e1-fc1771280fcd', '1594266116780216322', '1461505751200690177', '1461505751183912961', 1, 0, 3, 'D');
INSERT INTO `el_paper_qu_answer` VALUES ('79074f41-fd85-4eb4-a2aa-ce3ce5c1256a', '1356434156560584706', '1286860480882757635', '1286860480865980417', 0, 0, 2, 'C');
INSERT INTO `el_paper_qu_answer` VALUES ('7a6b06ae-76c0-4c5f-958c-fa6eb413cacf', '1451088836384817154', '1286860480882757636', '1286860480865980417', 1, 0, 4, 'E');
INSERT INTO `el_paper_qu_answer` VALUES ('7a7a1261-282d-433f-8113-6e3b7a72ee66', '1451091214807994370', '1286859710326198274', '1286859710305226754', 0, 0, 3, 'D');
INSERT INTO `el_paper_qu_answer` VALUES ('7aa4cb7f-c8b8-465c-aa49-43b7c54d0c96', '1594330522490785793', '1461506028993638401', '1461506028981055490', 1, 0, 0, 'A');
INSERT INTO `el_paper_qu_answer` VALUES ('7adc15c2-62c8-4bb4-a03a-3a98a072e1bd', '1594403589271343105', '1461505751200690179', '1461505751183912961', 0, 0, 2, 'C');
INSERT INTO `el_paper_qu_answer` VALUES ('7b2ccca5-0e6a-41a3-9298-d3f130c71796', '1594320675263238146', '1461505751200690178', '1461505751183912961', 1, 1, 1, 'B');
INSERT INTO `el_paper_qu_answer` VALUES ('7b6e346b-6286-4e6b-8d4f-3df1c75f96a5', '1451088836384817154', '1286860480886951937', '1286860480865980417', 0, 0, 2, 'C');
INSERT INTO `el_paper_qu_answer` VALUES ('7b746d26-a32b-4890-ab17-4ddb916d63c4', '1594320675263238146', '1461506028993638402', '1461506028981055490', 0, 0, 0, 'A');
INSERT INTO `el_paper_qu_answer` VALUES ('7b9fabd4-593d-4a53-9bf3-3daa41cd73c7', '1356434156560584706', '1286856503776595972', '1286856503755624449', 0, 0, 0, 'A');
INSERT INTO `el_paper_qu_answer` VALUES ('7c555f01-2ed6-4d90-8339-aea20ed73b69', '1451071753757646850', '1286859363679555588', '1286859363650195458', 0, 0, 4, 'E');
INSERT INTO `el_paper_qu_answer` VALUES ('7c853181-e9b4-4d8f-ac87-394a3b15061f', '1356434156560584706', '1286856991058251780', '1286856991045668865', 0, 0, 7, 'H');
INSERT INTO `el_paper_qu_answer` VALUES ('7d163db4-ac05-4a8a-94a4-695c2609bce5', '1594327019366141953', '1286856991058251779', '1286856991045668865', 0, 0, 1, 'B');
INSERT INTO `el_paper_qu_answer` VALUES ('7d23c306-185e-41b7-aa68-1f9efcaa4743', '1451088836384817154', '1286856786221027331', '1286856786200055810', 0, 0, 2, 'C');
INSERT INTO `el_paper_qu_answer` VALUES ('7de120a7-95db-44c2-ae24-5ce9273da897', '1356433729043566593', '1286858556804517889', '1286858556779352066', 0, 0, 1, 'B');
INSERT INTO `el_paper_qu_answer` VALUES ('7f2ccd9b-9998-4b1e-9b9f-cfd22bd84815', '1594321344305057793', '1286856991058251780', '1286856991045668865', 0, 0, 0, 'A');
INSERT INTO `el_paper_qu_answer` VALUES ('7fd62b91-1229-4008-b7eb-a1feb6327fab', '1451091214807994370', '1286859363679555588', '1286859363650195458', 0, 0, 1, 'B');
INSERT INTO `el_paper_qu_answer` VALUES ('80acb56a-9d87-4656-a3b0-d0d79314db8a', '1594332473823612930', '1461505751200690179', '1461505751183912961', 0, 0, 0, 'A');
INSERT INTO `el_paper_qu_answer` VALUES ('80d71875-d81d-46d9-bad1-31ed03e94253', '1594327085464178689', '1286856991062446086', '1286856991045668865', 0, 0, 7, 'H');
INSERT INTO `el_paper_qu_answer` VALUES ('810792aa-1506-46d3-99fd-67210880a720', '1451091214807994370', '1286857269677477890', '1286857269660700674', 0, 0, 3, 'D');
INSERT INTO `el_paper_qu_answer` VALUES ('8110924f-4584-4c39-90f6-16d4eeb4e7ac', '1356434156560584706', '1286859710330392580', '1286859710305226754', 0, 0, 2, 'C');
INSERT INTO `el_paper_qu_answer` VALUES ('816010be-62ed-4d55-ae22-ddab33865dde', '1451091214807994370', '1286860480882757636', '1286860480865980417', 1, 0, 1, 'B');
INSERT INTO `el_paper_qu_answer` VALUES ('81fe623d-e7b2-44e9-92d3-9e366cf7c6f5', '1594327085464178689', '1286856991062446083', '1286856991045668865', 0, 0, 4, 'E');
INSERT INTO `el_paper_qu_answer` VALUES ('8286b569-3de7-464f-95b0-dfa08ccedc37', '1461504905012441090', '1286858826485682180', '1286858826460516353', 0, 0, 0, 'A');
INSERT INTO `el_paper_qu_answer` VALUES ('82b8c2f7-ce6a-4f02-a733-993ed8ccb2f6', '1594323178960736257', '1286856991062446081', '1286856991045668865', 0, 1, 0, 'A');
INSERT INTO `el_paper_qu_answer` VALUES ('82e967ce-92fa-4ff1-a015-3f75a8cf670e', '1461504905012441090', '1286856786221027332', '1286856786200055810', 0, 0, 2, 'C');
INSERT INTO `el_paper_qu_answer` VALUES ('82f7b727-1487-4798-b4c7-3878fe15e9d4', '1594323178960736257', '1461506028993638402', '1461506028981055490', 0, 0, 0, 'A');
INSERT INTO `el_paper_qu_answer` VALUES ('83d65d6c-76cb-49db-a71f-b14cfd88bbeb', '1356433729043566593', '1286856786221027332', '1286856786200055810', 0, 0, 4, 'E');
INSERT INTO `el_paper_qu_answer` VALUES ('840d1f4e-52b8-4f8d-bb8a-34bd3d5d2020', '1594331864445767682', '1286856991062446082', '1286856991045668865', 1, 1, 7, 'H');
INSERT INTO `el_paper_qu_answer` VALUES ('842e6b67-db9c-4fe6-9833-4d070a53bfa6', '1451071753757646850', '1286857269673283586', '1286857269660700674', 0, 0, 1, 'B');
INSERT INTO `el_paper_qu_answer` VALUES ('84d61de3-6277-4b7a-a6b6-85f1285f610a', '1451071753757646850', '1286857269677477889', '1286857269660700674', 1, 0, 4, 'E');
INSERT INTO `el_paper_qu_answer` VALUES ('85644b41-76e6-42f6-9594-2bf0e0d09641', '1356434156560584706', '1286856786221027330', '1286856786200055810', 1, 0, 3, 'D');
INSERT INTO `el_paper_qu_answer` VALUES ('857387dd-d4b9-4d25-925a-0cfb24cf907d', '1461504905012441090', '1286856991058251779', '1286856991045668865', 0, 0, 7, 'H');
INSERT INTO `el_paper_qu_answer` VALUES ('85a155be-bd32-4c22-a4ae-ef288e1b170a', '1594327085464178689', '1286856991062446081', '1286856991045668865', 0, 0, 5, 'F');
INSERT INTO `el_paper_qu_answer` VALUES ('85f1e358-4183-45ad-b02c-75a25b4f3ee1', '1451071753757646850', '1286856991058251779', '1286856991045668865', 0, 0, 8, 'I');
INSERT INTO `el_paper_qu_answer` VALUES ('864d27d1-d795-44fc-a2e1-cf69ca49229e', '1594321152998658049', '1286856991062446085', '1286856991045668865', 0, 0, 7, 'H');
INSERT INTO `el_paper_qu_answer` VALUES ('86718420-4423-4084-8809-3b3c553194fc', '1594332077981978625', '1461506028993638402', '1461506028981055490', 0, 0, 1, 'B');
INSERT INTO `el_paper_qu_answer` VALUES ('86b09e2c-4787-4be8-ac60-bc2a59415666', '1356433729043566593', '1286860480878563329', '1286860480865980417', 0, 0, 0, 'A');
INSERT INTO `el_paper_qu_answer` VALUES ('877c1262-5022-4765-8393-7f7465d74936', '1451071753757646850', '1286860480882757635', '1286860480865980417', 0, 0, 4, 'E');
INSERT INTO `el_paper_qu_answer` VALUES ('877c8a32-9e5f-438d-8552-9a691c05a2f2', '1356433729043566593', '1286859120003076098', '1286859119977910274', 0, 0, 0, 'A');
INSERT INTO `el_paper_qu_answer` VALUES ('878ddaa8-1f45-4796-9171-75b7e4dc1e31', '1461504905012441090', '1286859363679555586', '1286859363650195458', 0, 0, 3, 'D');
INSERT INTO `el_paper_qu_answer` VALUES ('87ae69b7-248d-4c9b-8432-729d0cc253f6', '1594327085464178689', '1286856991058251778', '1286856991045668865', 0, 0, 1, 'B');
INSERT INTO `el_paper_qu_answer` VALUES ('88d0f03e-19b1-43b9-af36-e393a17049e6', '1451088836384817154', '1286859120003076100', '1286859119977910274', 1, 0, 4, 'E');
INSERT INTO `el_paper_qu_answer` VALUES ('8a07be93-d3ba-4ee2-8920-122c12698fd4', '1594327085464178689', '1286856991058251779', '1286856991045668865', 0, 0, 2, 'C');
INSERT INTO `el_paper_qu_answer` VALUES ('8a0f8b73-07b8-4c4c-ae1c-a58d8654fce9', '1594548617222324226', '1286856991062446083', '1286856991045668865', 0, 0, 3, 'D');
INSERT INTO `el_paper_qu_answer` VALUES ('8b54927f-9cac-4e54-a8e3-c4019a715802', '1451071753757646850', '1286858826485682180', '1286858826460516353', 0, 1, 1, 'B');
INSERT INTO `el_paper_qu_answer` VALUES ('8c8dfdfa-cac5-4dbf-81f9-bfec7f2d5fc6', '1451088836384817154', '1286859363675361282', '1286859363650195458', 0, 0, 0, 'A');
INSERT INTO `el_paper_qu_answer` VALUES ('8cfc9583-2e3d-413e-8500-e4bff5a526f5', '1594321344305057793', '1286856991062446085', '1286856991045668865', 0, 0, 5, 'F');
INSERT INTO `el_paper_qu_answer` VALUES ('8ded7cb4-22b9-4114-8778-6480e858dbb7', '1356434156560584706', '1286858826485682179', '1286858826460516353', 0, 0, 3, 'D');
INSERT INTO `el_paper_qu_answer` VALUES ('8e8f79bf-9a3b-447e-a486-099b27fb3167', '1451091214807994370', '1286856991062446086', '1286856991045668865', 0, 0, 7, 'H');
INSERT INTO `el_paper_qu_answer` VALUES ('8f04291d-d1d6-4b38-b8e0-9de15f60fc84', '1356433729043566593', '1286858556800323585', '1286858556779352066', 0, 0, 0, 'A');
INSERT INTO `el_paper_qu_answer` VALUES ('8f5a9163-355a-4682-a242-937e4e6f0e58', '1594548617222324226', '1286856991062446085', '1286856991045668865', 0, 0, 0, 'A');
INSERT INTO `el_paper_qu_answer` VALUES ('901674c6-7f5b-4bc2-8b24-4f42d987c86f', '1356434156560584706', '1286859363675361281', '1286859363650195458', 0, 0, 4, 'E');
INSERT INTO `el_paper_qu_answer` VALUES ('90271107-3264-4154-b269-b58900f1890b', '1594322546883317761', '1286856991062446082', '1286856991045668865', 1, 1, 4, 'E');
INSERT INTO `el_paper_qu_answer` VALUES ('902fa218-c118-4331-93e5-dcac817b519a', '1594332473823612930', '1461505751200690178', '1461505751183912961', 1, 0, 2, 'C');
INSERT INTO `el_paper_qu_answer` VALUES ('90a6c5ba-17e7-4516-b501-0de30b97861f', '1451071753757646850', '1286859710330392578', '1286859710305226754', 1, 0, 1, 'B');
INSERT INTO `el_paper_qu_answer` VALUES ('91abd144-a382-4851-9444-600b381ee979', '1594331690994520065', '1461506028993638402', '1461506028981055490', 0, 0, 0, 'A');
INSERT INTO `el_paper_qu_answer` VALUES ('9284d9c6-fbea-4171-99ac-c2f1ae467441', '1451091214807994370', '1286856786221027331', '1286856786200055810', 0, 0, 0, 'A');
INSERT INTO `el_paper_qu_answer` VALUES ('92af411b-bb14-453d-a5d2-28d7577ace56', '1594321152998658049', '1461506028993638401', '1461506028981055490', 1, 1, 1, 'B');
INSERT INTO `el_paper_qu_answer` VALUES ('94c5a8f3-ca4e-451d-81bd-76a66e815b00', '1451071753757646850', '1286859120007270402', '1286859119977910274', 0, 0, 3, 'D');
INSERT INTO `el_paper_qu_answer` VALUES ('94deafdf-0945-41eb-b979-5af076705e33', '1594332473823612930', '1461506028993638401', '1461506028981055490', 1, 0, 1, 'B');
INSERT INTO `el_paper_qu_answer` VALUES ('9504d772-e8a0-48cf-89be-864cd951d9a4', '1356434156560584706', '1286856991062446081', '1286856991045668865', 0, 0, 1, 'B');
INSERT INTO `el_paper_qu_answer` VALUES ('950dd541-a1f5-4258-969c-6cdd5f4b45f8', '1356433729043566593', '1286856991062446083', '1286856991045668865', 0, 0, 8, 'I');
INSERT INTO `el_paper_qu_answer` VALUES ('95371fc1-576c-4bac-95de-12fe89d7a5b8', '1451071753757646850', '1286856503772401665', '1286856503755624449', 0, 0, 4, 'E');
INSERT INTO `el_paper_qu_answer` VALUES ('959ffa18-9cf4-41de-b9b6-f5fbe7028e87', '1356433729043566593', '1286856991062446085', '1286856991045668865', 0, 0, 5, 'F');
INSERT INTO `el_paper_qu_answer` VALUES ('9830f8cf-726c-480d-8501-c60f7a6fe4c6', '1451088836384817154', '1286858556800323588', '1286858556779352066', 0, 0, 0, 'A');
INSERT INTO `el_paper_qu_answer` VALUES ('9888d41a-9740-4f05-bbdc-234ce013d33c', '1461504905012441090', '1286856991062446081', '1286856991045668865', 0, 0, 6, 'G');
INSERT INTO `el_paper_qu_answer` VALUES ('989ea4e7-1823-451b-a114-ee576a234c7f', '1594548617222324226', '1286856991058251779', '1286856991045668865', 0, 0, 7, 'H');
INSERT INTO `el_paper_qu_answer` VALUES ('98e01284-1743-4b67-a4f6-e9d225f17936', '1461506333319753729', '1461505751200690179', '1461505751183912961', 0, 0, 0, 'A');
INSERT INTO `el_paper_qu_answer` VALUES ('9922b583-7b85-4e43-b1f6-7efc5d4d9aae', '1461504905012441090', '1286856503776595973', '1286856503755624449', 0, 0, 2, 'C');
INSERT INTO `el_paper_qu_answer` VALUES ('993420ee-29f0-481f-9415-8948f3fb4dc4', '1594403589271343105', '1594401943774580737', '1594401943707471874', 1, 1, 1, 'B');
INSERT INTO `el_paper_qu_answer` VALUES ('99a6723e-15f2-492e-b55e-0c04907f0fbd', '1594330522490785793', '1461505751200690178', '1461505751183912961', 1, 0, 1, 'B');
INSERT INTO `el_paper_qu_answer` VALUES ('9a61efaa-577d-4564-96fe-120428d110b9', '1594330522490785793', '1286856991058251780', '1286856991045668865', 0, 0, 5, 'F');
INSERT INTO `el_paper_qu_answer` VALUES ('9a73bc3d-e7ec-4027-976c-6a8254624605', '1594403589271343105', '1461506028993638402', '1461506028981055490', 0, 0, 1, 'B');
INSERT INTO `el_paper_qu_answer` VALUES ('9afb34f3-64b8-4483-8824-9df32ef93fb3', '1594321673318846465', '1286856991062446082', '1286856991045668865', 1, 1, 6, 'G');
INSERT INTO `el_paper_qu_answer` VALUES ('9b73b952-546b-44be-af98-54078958f3db', '1594321344305057793', '1286856991062446081', '1286856991045668865', 0, 0, 2, 'C');
INSERT INTO `el_paper_qu_answer` VALUES ('9c3852ff-12b2-4db8-8689-62dac128100f', '1594331864445767682', '1461505751196495873', '1461505751183912961', 1, 0, 1, 'B');
INSERT INTO `el_paper_qu_answer` VALUES ('9ccb0034-7bf3-40bc-b9e8-74791a4fbca0', '1451088836384817154', '1286859710330392578', '1286859710305226754', 1, 0, 0, 'A');
INSERT INTO `el_paper_qu_answer` VALUES ('9cda2443-a6cb-4f66-b90d-ae9f5b24f442', '1356434156560584706', '1286857269677477890', '1286857269660700674', 0, 0, 4, 'E');
INSERT INTO `el_paper_qu_answer` VALUES ('9d0d2b34-78a9-45de-8878-5e11999619ff', '1594323178960736257', '1461505751200690178', '1461505751183912961', 1, 0, 0, 'A');
INSERT INTO `el_paper_qu_answer` VALUES ('9d767614-112e-41e5-b331-28b9b692f0fd', '1451088836384817154', '1286859120007270402', '1286859119977910274', 0, 0, 1, 'B');
INSERT INTO `el_paper_qu_answer` VALUES ('9da7e281-68b9-40b9-bfad-032c5407e491', '1594320675263238146', '1286856991062446086', '1286856991045668865', 0, 0, 2, 'C');
INSERT INTO `el_paper_qu_answer` VALUES ('9e8ab794-5a05-4a08-9337-7e62a5ea88eb', '1594326368263360514', '1286856991062446085', '1286856991045668865', 0, 0, 6, 'G');
INSERT INTO `el_paper_qu_answer` VALUES ('9ef88c6f-12c5-4555-92b3-d46dc95d3271', '1451071753757646850', '1286858556800323586', '1286858556779352066', 0, 0, 2, 'C');
INSERT INTO `el_paper_qu_answer` VALUES ('9f4168ff-6c0b-4a1c-b1d7-a48dd6aab037', '1461504905012441090', '1286858556800323587', '1286858556779352066', 1, 0, 3, 'D');
INSERT INTO `el_paper_qu_answer` VALUES ('a08ed5ac-8e5c-4c55-bb32-86372dbb91d5', '1451088836384817154', '1286860480878563329', '1286860480865980417', 0, 0, 1, 'B');
INSERT INTO `el_paper_qu_answer` VALUES ('a0de9683-9b8b-4d06-84d5-6b118e1b504a', '1594321152998658049', '1286856991058251780', '1286856991045668865', 0, 0, 5, 'F');
INSERT INTO `el_paper_qu_answer` VALUES ('a1fcf6b7-e171-4c3c-946a-71992f83d804', '1451091214807994370', '1286858556800323588', '1286858556779352066', 0, 0, 2, 'C');
INSERT INTO `el_paper_qu_answer` VALUES ('a2049af4-6c89-4926-bc14-3ef3bf06169e', '1451091214807994370', '1286856786216833026', '1286856786200055810', 0, 0, 1, 'B');
INSERT INTO `el_paper_qu_answer` VALUES ('a24c6b3d-009c-4ec3-a34d-334e3578441e', '1594327019366141953', '1286856991058251780', '1286856991045668865', 0, 0, 4, 'E');
INSERT INTO `el_paper_qu_answer` VALUES ('a25ff958-e8ea-4326-b496-d347f66f8813', '1451071753757646850', '1286858556804517889', '1286858556779352066', 0, 0, 1, 'B');
INSERT INTO `el_paper_qu_answer` VALUES ('a279cef9-666f-469c-9b21-e4d030241471', '1461506333319753729', '1461506028993638402', '1461506028981055490', 0, 0, 1, 'B');
INSERT INTO `el_paper_qu_answer` VALUES ('a3b13917-3f9a-4c18-96aa-0b12dbb05567', '1594332473823612930', '1461506028993638402', '1461506028981055490', 0, 0, 0, 'A');
INSERT INTO `el_paper_qu_answer` VALUES ('a3ee6d4e-03be-4e43-8d5e-b7e87fbb2b2b', '1594323178960736257', '1461505751200690177', '1461505751183912961', 1, 0, 3, 'D');
INSERT INTO `el_paper_qu_answer` VALUES ('a518e1c7-5798-49a0-91ad-90557dfe433e', '1356433729043566593', '1286860480882757636', '1286860480865980417', 1, 1, 1, 'B');
INSERT INTO `el_paper_qu_answer` VALUES ('a535cbe7-0c7e-4a3c-870d-4e55b504c558', '1451091214807994370', '1286856991062446084', '1286856991045668865', 0, 0, 1, 'B');
INSERT INTO `el_paper_qu_answer` VALUES ('a5daba3a-04be-4085-b41a-c5643ffb3e69', '1594332077981978625', '1461505751196495873', '1461505751183912961', 1, 0, 1, 'B');
INSERT INTO `el_paper_qu_answer` VALUES ('a60109c4-6008-4c39-b1d6-ab211120f6d5', '1461504905012441090', '1286858556800323588', '1286858556779352066', 0, 0, 1, 'B');
INSERT INTO `el_paper_qu_answer` VALUES ('a602895b-3efd-48f8-a6bb-4d37f563b420', '1461504905012441090', '1286856786216833026', '1286856786200055810', 0, 0, 1, 'B');
INSERT INTO `el_paper_qu_answer` VALUES ('a7fb3128-4777-4d04-a1cd-7b2e90c1e23d', '1461504905012441090', '1286860480882757635', '1286860480865980417', 0, 1, 1, 'B');
INSERT INTO `el_paper_qu_answer` VALUES ('a8330b61-e023-4185-a7a4-22afb8eb4ed5', '1451091214807994370', '1286856991062446081', '1286856991045668865', 0, 0, 5, 'F');
INSERT INTO `el_paper_qu_answer` VALUES ('a85eeaf8-2b05-4165-b3ec-74f7bdeeb321', '1594331864445767682', '1286856991058251779', '1286856991045668865', 0, 0, 5, 'F');
INSERT INTO `el_paper_qu_answer` VALUES ('a892249a-a329-4d0f-b9c9-9acefbf89aad', '1356433729043566593', '1286856786221027331', '1286856786200055810', 0, 0, 2, 'C');
INSERT INTO `el_paper_qu_answer` VALUES ('a8d71665-4694-4b53-a571-a7d4b1b40640', '1461504905012441090', '1286857269673283587', '1286857269660700674', 0, 0, 4, 'E');
INSERT INTO `el_paper_qu_answer` VALUES ('a8ee392a-62fc-4685-8d28-678f3785d21e', '1594548617222324226', '1286856991058251780', '1286856991045668865', 0, 0, 4, 'E');
INSERT INTO `el_paper_qu_answer` VALUES ('a95fbda2-97d6-4357-b579-3067c3689ca2', '1451088836384817154', '1286856991062446084', '1286856991045668865', 0, 0, 4, 'E');
INSERT INTO `el_paper_qu_answer` VALUES ('a9d1b588-5334-4129-9b90-caab9bf5e63e', '1594331864445767682', '1461505751200690178', '1461505751183912961', 1, 0, 3, 'D');
INSERT INTO `el_paper_qu_answer` VALUES ('aa4b2bbe-6203-41c2-a32a-610186609a15', '1594548617222324226', '1461505751200690178', '1461505751183912961', 1, 1, 2, 'C');
INSERT INTO `el_paper_qu_answer` VALUES ('aa7a8dd5-f2c5-4680-b856-5e5e43a07313', '1594327019366141953', '1286856991062446085', '1286856991045668865', 0, 0, 8, 'I');
INSERT INTO `el_paper_qu_answer` VALUES ('ab27f883-05cf-4b4c-8a3e-16229ce77834', '1594322546883317761', '1461505751200690177', '1461505751183912961', 1, 1, 2, 'C');
INSERT INTO `el_paper_qu_answer` VALUES ('abac5315-0c64-4f21-a817-17fdc682e3de', '1356434156560584706', '1286856991062446082', '1286856991045668865', 1, 0, 4, 'E');
INSERT INTO `el_paper_qu_answer` VALUES ('ac4ea5f4-37c8-456f-94f5-02f603aa72eb', '1451091214807994370', '1286858556800323586', '1286858556779352066', 0, 0, 3, 'D');
INSERT INTO `el_paper_qu_answer` VALUES ('ac7eb8e6-d724-4129-ba7a-d91f64f8728c', '1594321152998658049', '1461505751196495873', '1461505751183912961', 1, 1, 2, 'C');
INSERT INTO `el_paper_qu_answer` VALUES ('acbf0761-12f5-4525-9953-2ae4ece86aeb', '1594321344305057793', '1286856991062446084', '1286856991045668865', 0, 0, 4, 'E');
INSERT INTO `el_paper_qu_answer` VALUES ('acc85ffc-54f6-4c87-9083-c4fb5ae4e5ba', '1594321344305057793', '1286856991058251778', '1286856991045668865', 0, 0, 7, 'H');
INSERT INTO `el_paper_qu_answer` VALUES ('adc83ec5-173d-4c86-9981-c17bc13c8001', '1461506333319753729', '1286858826485682181', '1286858826460516353', 0, 0, 2, 'C');
INSERT INTO `el_paper_qu_answer` VALUES ('ae253dd2-34e9-4b75-924f-d9056f5bb817', '1451071753757646850', '1286859710334586881', '1286859710305226754', 0, 0, 3, 'D');
INSERT INTO `el_paper_qu_answer` VALUES ('ae47f822-3519-4c91-8910-7bcb8768ebc7', '1356434156560584706', '1286858556800323586', '1286858556779352066', 0, 0, 2, 'C');
INSERT INTO `el_paper_qu_answer` VALUES ('aea1f39f-739c-48b3-9852-a088d4df9a77', '1461504905012441090', '1286859363679555587', '1286859363650195458', 1, 0, 2, 'C');
INSERT INTO `el_paper_qu_answer` VALUES ('aef53392-6c20-4607-8fad-f187a1ce038e', '1594321152998658049', '1286856991062446083', '1286856991045668865', 0, 0, 8, 'I');
INSERT INTO `el_paper_qu_answer` VALUES ('af0f24e2-0494-41ff-9932-4848c19f87c7', '1451071753757646850', '1286859363679555587', '1286859363650195458', 1, 0, 3, 'D');
INSERT INTO `el_paper_qu_answer` VALUES ('af1cccde-bef1-4b09-b2cc-21719c4b7be9', '1594321152998658049', '1461505751200690178', '1461505751183912961', 1, 1, 3, 'D');
INSERT INTO `el_paper_qu_answer` VALUES ('af38cb8e-bfba-41b4-917f-c3db9585a20f', '1451091214807994370', '1286856991062446082', '1286856991045668865', 1, 0, 4, 'E');
INSERT INTO `el_paper_qu_answer` VALUES ('af544c09-8a50-4724-a4b3-d7c83f2494d0', '1594323178960736257', '1461505751200690179', '1461505751183912961', 0, 0, 2, 'C');
INSERT INTO `el_paper_qu_answer` VALUES ('af8b7c7f-9231-4b40-a1a3-6e38275b7908', '1594321673318846465', '1461505751200690177', '1461505751183912961', 1, 1, 3, 'D');
INSERT INTO `el_paper_qu_answer` VALUES ('aff14073-0c05-4d3f-9fa8-9bcf5540dea5', '1594321152998658049', '1461505751200690177', '1461505751183912961', 1, 1, 0, 'A');
INSERT INTO `el_paper_qu_answer` VALUES ('b02a96d1-f0af-4ae9-960c-a84c56fe8d8e', '1356433729043566593', '1286858826485682181', '1286858826460516353', 0, 0, 3, 'D');
INSERT INTO `el_paper_qu_answer` VALUES ('b03cd89e-76d1-48f4-8551-e16b6a7555f2', '1594327085464178689', '1461505751200690177', '1461505751183912961', 1, 1, 2, 'C');
INSERT INTO `el_paper_qu_answer` VALUES ('b07b17b6-e498-4ea6-bf61-848b460ae718', '1451071753757646850', '1286860480882757636', '1286860480865980417', 1, 0, 0, 'A');
INSERT INTO `el_paper_qu_answer` VALUES ('b0b9cc80-2e04-4bb7-a9d7-91ea9c0437ef', '1461504905012441090', '1286856786221027331', '1286856786200055810', 0, 0, 0, 'A');
INSERT INTO `el_paper_qu_answer` VALUES ('b0c2f231-fac4-4d89-b82d-d7bd0ffa18c2', '1451091214807994370', '1286859363675361281', '1286859363650195458', 0, 0, 0, 'A');
INSERT INTO `el_paper_qu_answer` VALUES ('b0de8084-9cc6-4cc1-b17e-b676b4cc581d', '1594321152998658049', '1286856991058251778', '1286856991045668865', 0, 0, 1, 'B');
INSERT INTO `el_paper_qu_answer` VALUES ('b0dee5de-bbb9-4d4d-9e42-2b745a54967d', '1594321152998658049', '1461506028993638402', '1461506028981055490', 0, 0, 0, 'A');
INSERT INTO `el_paper_qu_answer` VALUES ('b0e18b2e-1ed6-4584-9c4b-1cccc32466f5', '1594331864445767682', '1286856991062446085', '1286856991045668865', 0, 0, 1, 'B');
INSERT INTO `el_paper_qu_answer` VALUES ('b0e9bbd3-5e05-451b-a1e3-df3466f99084', '1594330522490785793', '1286856991062446085', '1286856991045668865', 0, 0, 1, 'B');
INSERT INTO `el_paper_qu_answer` VALUES ('b114471c-78f4-4bec-8937-af30f38f450e', '1451071753757646850', '1286859120003076099', '1286859119977910274', 0, 0, 1, 'B');
INSERT INTO `el_paper_qu_answer` VALUES ('b1863b60-83c6-464e-b753-0c59cad57898', '1594331864445767682', '1461505751200690179', '1461505751183912961', 0, 0, 0, 'A');
INSERT INTO `el_paper_qu_answer` VALUES ('b2397630-5bf2-4bf9-91af-a406abdc8eab', '1461506333319753729', '1461505492395356163', '1461505492353413121', 0, 1, 2, 'C');
INSERT INTO `el_paper_qu_answer` VALUES ('b284e86f-719c-4987-a8f9-5d08b013cb54', '1594548617222324226', '1461505751196495873', '1461505751183912961', 1, 0, 3, 'D');
INSERT INTO `el_paper_qu_answer` VALUES ('b2df5e8e-eabc-435d-af64-e9702ee149c9', '1594327085464178689', '1286856991062446084', '1286856991045668865', 0, 0, 8, 'I');
INSERT INTO `el_paper_qu_answer` VALUES ('b36689b4-1985-4b96-ad10-affcc9ea59e3', '1461504905012441090', '1286856991062446085', '1286856991045668865', 0, 0, 8, 'I');
INSERT INTO `el_paper_qu_answer` VALUES ('b38b076b-4745-48f9-b625-9ed6420442bb', '1594321344305057793', '1461505751196495873', '1461505751183912961', 1, 0, 2, 'C');
INSERT INTO `el_paper_qu_answer` VALUES ('b3a35ebf-3ad9-43dc-8f62-9ccda0f49f6f', '1451091214807994370', '1286858556804517889', '1286858556779352066', 0, 0, 4, 'E');
INSERT INTO `el_paper_qu_answer` VALUES ('b50e253e-5650-4579-a729-2c050cd60e5f', '1356433729043566593', '1286856503776595971', '1286856503755624449', 1, 0, 1, 'B');
INSERT INTO `el_paper_qu_answer` VALUES ('b5a11f20-54e9-4452-8cdd-1b8512429d46', '1594327019366141953', '1461505751200690178', '1461505751183912961', 1, 1, 2, 'C');
INSERT INTO `el_paper_qu_answer` VALUES ('b5d0b5a7-0b2a-4e98-be25-f3a898bdc572', '1356434156560584706', '1286859710334586881', '1286859710305226754', 0, 0, 3, 'D');
INSERT INTO `el_paper_qu_answer` VALUES ('b620d386-df5f-44cf-8cd9-7314b4b9ecd4', '1594323178960736257', '1286856991058251779', '1286856991045668865', 0, 0, 7, 'H');
INSERT INTO `el_paper_qu_answer` VALUES ('b67b5fe8-f3aa-48a8-b74f-a389209e2379', '1451071753757646850', '1286856786216833026', '1286856786200055810', 0, 0, 0, 'A');
INSERT INTO `el_paper_qu_answer` VALUES ('b6ec907a-d2a4-43d7-a13f-2cff42e4a602', '1451088836384817154', '1286859120003076099', '1286859119977910274', 0, 0, 2, 'C');
INSERT INTO `el_paper_qu_answer` VALUES ('b824f7dd-e758-450f-8d7b-9cfd68a4f61d', '1451088836384817154', '1286858826485682180', '1286858826460516353', 0, 0, 0, 'A');
INSERT INTO `el_paper_qu_answer` VALUES ('b89270db-869c-4b88-83fa-304c72b8c3ba', '1451091214807994370', '1286859120003076099', '1286859119977910274', 0, 0, 1, 'B');
INSERT INTO `el_paper_qu_answer` VALUES ('b952424e-40a5-4347-8ea8-b08afdf5c10d', '1451071753757646850', '1286858556800323588', '1286858556779352066', 0, 0, 4, 'E');
INSERT INTO `el_paper_qu_answer` VALUES ('b9b9e29d-58f9-4bc9-88ee-5a8a5afef91f', '1356434156560584706', '1286859710330392578', '1286859710305226754', 1, 0, 4, 'E');
INSERT INTO `el_paper_qu_answer` VALUES ('b9bc60b0-0e08-4854-8b0e-1cf114e92fd1', '1451091214807994370', '1286857269673283585', '1286857269660700674', 0, 0, 4, 'E');
INSERT INTO `el_paper_qu_answer` VALUES ('ba35897d-c4e2-4861-b604-bd74ea259f57', '1594266116780216322', '1461505751196495873', '1461505751183912961', 1, 0, 1, 'B');
INSERT INTO `el_paper_qu_answer` VALUES ('ba9f53e4-0588-459e-9122-a9f6e8a3486b', '1461506333319753729', '1286856991062446086', '1286856991045668865', 0, 0, 4, 'E');
INSERT INTO `el_paper_qu_answer` VALUES ('bb1d7e08-692a-432d-9fce-8b0c1324485b', '1461506333319753729', '1286856991062446085', '1286856991045668865', 0, 0, 6, 'G');
INSERT INTO `el_paper_qu_answer` VALUES ('bbd245b7-9ab8-4bc7-97a9-884b4b3704a1', '1451088836384817154', '1286856991058251779', '1286856991045668865', 0, 0, 0, 'A');
INSERT INTO `el_paper_qu_answer` VALUES ('bc1fe7bb-9412-4484-a17b-893e77f390b7', '1461504905012441090', '1286856991062446084', '1286856991045668865', 0, 0, 3, 'D');
INSERT INTO `el_paper_qu_answer` VALUES ('bcc45dd3-1c1a-4fde-912e-0850b70e1784', '1461504905012441090', '1286859119998881794', '1286859119977910274', 0, 0, 4, 'E');
INSERT INTO `el_paper_qu_answer` VALUES ('bcc9e264-6963-4872-a577-d1dc6b8f9e7d', '1594331690994520065', '1286856991062446086', '1286856991045668865', 0, 0, 6, 'G');
INSERT INTO `el_paper_qu_answer` VALUES ('bd573cb8-d4dc-4a53-b50f-d18b6aad9ccd', '1461506333319753729', '1461506028993638401', '1461506028981055490', 1, 1, 0, 'A');
INSERT INTO `el_paper_qu_answer` VALUES ('bd595be7-f7f0-4fd8-aa55-ced2b905f608', '1594327085464178689', '1286856991062446085', '1286856991045668865', 0, 0, 0, 'A');
INSERT INTO `el_paper_qu_answer` VALUES ('bdb8118b-f53b-4433-90e5-02f4e3bf8da5', '1594321673318846465', '1286856991058251780', '1286856991045668865', 0, 0, 2, 'C');
INSERT INTO `el_paper_qu_answer` VALUES ('be32b117-d958-4463-b397-f7931787560e', '1356434156560584706', '1286856786221027331', '1286856786200055810', 0, 0, 0, 'A');
INSERT INTO `el_paper_qu_answer` VALUES ('c015db51-9976-4980-868f-0c8d8bce5c1a', '1451071753757646850', '1286857269673283587', '1286857269660700674', 0, 0, 3, 'D');
INSERT INTO `el_paper_qu_answer` VALUES ('c028b0e5-36d5-4635-8982-5cc701b5a07c', '1451088836384817154', '1286860480882757635', '1286860480865980417', 0, 0, 3, 'D');
INSERT INTO `el_paper_qu_answer` VALUES ('c0f54ab1-33cc-4e76-9e0e-4f82845bbd74', '1356433729043566593', '1286858826485682178', '1286858826460516353', 0, 0, 1, 'B');
INSERT INTO `el_paper_qu_answer` VALUES ('c1a8ea48-b995-484c-aae2-628f75eb0612', '1451091214807994370', '1286857269677477889', '1286857269660700674', 1, 0, 2, 'C');
INSERT INTO `el_paper_qu_answer` VALUES ('c21482de-5193-4b7c-bb4b-cce38595d670', '1461504905012441090', '1286856991058251780', '1286856991045668865', 0, 0, 0, 'A');
INSERT INTO `el_paper_qu_answer` VALUES ('c2cd36c0-3348-411e-83ea-1967e3fb169a', '1594332473823612930', '1461505751196495873', '1461505751183912961', 1, 0, 1, 'B');
INSERT INTO `el_paper_qu_answer` VALUES ('c3093a9e-ef2c-45f2-8b26-257ece8a177f', '1594548617222324226', '1461505751200690177', '1461505751183912961', 1, 1, 0, 'A');
INSERT INTO `el_paper_qu_answer` VALUES ('c31d09de-41b4-4076-b90d-a3d36be2ddea', '1461504905012441090', '1286856991062446086', '1286856991045668865', 0, 0, 1, 'B');
INSERT INTO `el_paper_qu_answer` VALUES ('c32ff94c-44b9-437c-9ebc-9ead109fc84d', '1451091214807994370', '1286856991058251779', '1286856991045668865', 0, 0, 3, 'D');
INSERT INTO `el_paper_qu_answer` VALUES ('c37ef52e-560d-45c2-b0e5-7f4a2459933f', '1451071753757646850', '1286856786221027331', '1286856786200055810', 0, 0, 2, 'C');
INSERT INTO `el_paper_qu_answer` VALUES ('c3ac3730-eab5-49b2-8975-9fbaf199b3cb', '1594331864445767682', '1286856991062446086', '1286856991045668865', 0, 0, 4, 'E');
INSERT INTO `el_paper_qu_answer` VALUES ('c3c6f955-a1ec-486d-aacf-3b890619a492', '1451091214807994370', '1286859710330392579', '1286859710305226754', 0, 0, 1, 'B');
INSERT INTO `el_paper_qu_answer` VALUES ('c5a9c724-0de6-48dd-9be8-9fa138b2ff57', '1356434156560584706', '1286860480886951937', '1286860480865980417', 0, 0, 4, 'E');
INSERT INTO `el_paper_qu_answer` VALUES ('c64e390a-6f1b-4b40-b88a-6f6ee4592555', '1461504905012441090', '1286858826477293569', '1286858826460516353', 1, 0, 1, 'B');
INSERT INTO `el_paper_qu_answer` VALUES ('c737c006-f655-43f1-9872-0741d29565ad', '1594266116780216322', '1286856991062446086', '1286856991045668865', 0, 0, 1, 'B');
INSERT INTO `el_paper_qu_answer` VALUES ('c743f5e7-af90-4658-ab82-80ffbcd1468f', '1461506333319753729', '1461505751200690178', '1461505751183912961', 1, 1, 1, 'B');
INSERT INTO `el_paper_qu_answer` VALUES ('c8811958-24f0-4db4-9031-bdb7bba048c0', '1594322546883317761', '1461505751200690179', '1461505751183912961', 0, 0, 0, 'A');
INSERT INTO `el_paper_qu_answer` VALUES ('c8b85866-fa13-44fa-b8c6-a23e7e804228', '1356433729043566593', '1286856991058251780', '1286856991045668865', 0, 0, 4, 'E');
INSERT INTO `el_paper_qu_answer` VALUES ('c909fac1-e373-4c87-b8aa-487d6b7a6da7', '1451071753757646850', '1286858826485682181', '1286858826460516353', 0, 0, 2, 'C');
INSERT INTO `el_paper_qu_answer` VALUES ('c9df590c-f107-4a0b-8165-a7e3e67e9b3c', '1594403589271343105', '1286856991062446086', '1286856991045668865', 0, 0, 3, 'D');
INSERT INTO `el_paper_qu_answer` VALUES ('ca02ce34-f511-44a9-be0e-871326790a2c', '1594322546883317761', '1286856991062446081', '1286856991045668865', 0, 0, 3, 'D');
INSERT INTO `el_paper_qu_answer` VALUES ('ca0d54d7-a24e-4bb7-bc8e-24c935511814', '1594403589271343105', '1286856991062446082', '1286856991045668865', 1, 1, 5, 'F');
INSERT INTO `el_paper_qu_answer` VALUES ('cab8c2d3-db25-45da-9968-cfdd1b2d50fc', '1356434156560584706', '1286856991058251779', '1286856991045668865', 0, 0, 5, 'F');
INSERT INTO `el_paper_qu_answer` VALUES ('cae8b51b-4927-41fd-9ca5-1896551c1b5f', '1594548617222324226', '1286856991058251778', '1286856991045668865', 0, 0, 5, 'F');
INSERT INTO `el_paper_qu_answer` VALUES ('caf43e66-74a5-461a-9915-5ef3fbe3cfd3', '1594327085464178689', '1461505751196495873', '1461505751183912961', 1, 1, 3, 'D');
INSERT INTO `el_paper_qu_answer` VALUES ('cb34fc21-e5fa-43bd-bbbe-e27edfe45c18', '1451071753757646850', '1286856991062446085', '1286856991045668865', 0, 0, 4, 'E');
INSERT INTO `el_paper_qu_answer` VALUES ('cb5b428f-98af-453b-9fdf-c311febb01d9', '1594330522490785793', '1286856991058251779', '1286856991045668865', 0, 0, 7, 'H');
INSERT INTO `el_paper_qu_answer` VALUES ('cba14099-4d62-46eb-94a2-04e724a3c7f6', '1594266116780216322', '1461505751200690179', '1461505751183912961', 0, 0, 2, 'C');
INSERT INTO `el_paper_qu_answer` VALUES ('cba86c7c-ab73-4682-9d8d-91ebf61eca37', '1451088836384817154', '1286856991062446081', '1286856991045668865', 0, 0, 8, 'I');
INSERT INTO `el_paper_qu_answer` VALUES ('cbf7ddbc-1d4e-43b9-9061-a49067c3a0f8', '1594266116780216322', '1461506028993638402', '1461506028981055490', 0, 0, 0, 'A');
INSERT INTO `el_paper_qu_answer` VALUES ('cbfbb91e-0e6e-44ab-86be-47d5447e4f0f', '1356434156560584706', '1286857269673283585', '1286857269660700674', 0, 0, 1, 'B');
INSERT INTO `el_paper_qu_answer` VALUES ('cc0a4ae4-36b6-4ced-908e-68e7a88e12c6', '1594331864445767682', '1286856991062446083', '1286856991045668865', 0, 0, 6, 'G');
INSERT INTO `el_paper_qu_answer` VALUES ('ccbe75c5-8ca7-481c-8adf-beca6d1980e1', '1594327019366141953', '1286856991062446083', '1286856991045668865', 0, 0, 5, 'F');
INSERT INTO `el_paper_qu_answer` VALUES ('cddbc18d-43b4-4d7f-a5c8-f4e3e9dcfbb0', '1594327085464178689', '1461505751200690179', '1461505751183912961', 0, 0, 0, 'A');
INSERT INTO `el_paper_qu_answer` VALUES ('d15be5a5-4092-470a-9c66-7cd98756d7b7', '1594320675263238146', '1461506028993638401', '1461506028981055490', 1, 1, 1, 'B');
INSERT INTO `el_paper_qu_answer` VALUES ('d1e8d9b9-2cc4-4ff0-8652-1eefd57943d2', '1594331690994520065', '1461505751196495873', '1461505751183912961', 1, 1, 2, 'C');
INSERT INTO `el_paper_qu_answer` VALUES ('d2133a9d-4c11-4332-ba59-53a58aae032b', '1461504905012441090', '1286857269673283586', '1286857269660700674', 0, 0, 3, 'D');
INSERT INTO `el_paper_qu_answer` VALUES ('d2606a7a-2c78-4305-bafc-80b21d74a387', '1594322546883317761', '1461505751196495873', '1461505751183912961', 1, 1, 1, 'B');
INSERT INTO `el_paper_qu_answer` VALUES ('d33efed1-816f-469b-a91d-6a9df83e3fe8', '1594320675263238146', '1286856991062446085', '1286856991045668865', 0, 0, 8, 'I');
INSERT INTO `el_paper_qu_answer` VALUES ('d37a355b-7f8f-4706-8ddc-22029efab866', '1356433729043566593', '1286860480882757634', '1286860480865980417', 0, 0, 2, 'C');
INSERT INTO `el_paper_qu_answer` VALUES ('d3843eec-ffb8-44bf-a9d4-ea94f99677b2', '1594327019366141953', '1461505751196495873', '1461505751183912961', 1, 1, 0, 'A');
INSERT INTO `el_paper_qu_answer` VALUES ('d46d8355-f4b7-449c-a168-2321e5ae5531', '1594331690994520065', '1461506028993638401', '1461506028981055490', 1, 0, 1, 'B');
INSERT INTO `el_paper_qu_answer` VALUES ('d46ef3a3-16b0-4acd-938e-726789c82eff', '1356434156560584706', '1286859363679555588', '1286859363650195458', 0, 0, 2, 'C');
INSERT INTO `el_paper_qu_answer` VALUES ('d472b846-a44e-445e-9841-a3619cf174a9', '1451091214807994370', '1286859119998881794', '1286859119977910274', 0, 0, 2, 'C');
INSERT INTO `el_paper_qu_answer` VALUES ('d4803f36-4398-4249-8a6f-9ef551579880', '1594326368263360514', '1461505751196495873', '1461505751183912961', 1, 0, 2, 'C');
INSERT INTO `el_paper_qu_answer` VALUES ('d4843aa3-c039-4385-8985-4a9aee5150f8', '1461506333319753729', '1461505894159347714', '1461505894142570497', 0, 1, 1, 'B');
INSERT INTO `el_paper_qu_answer` VALUES ('d6896ec6-2ad3-4e96-8a24-121804cf4d0b', '1461504905012441090', '1286857269677477889', '1286857269660700674', 1, 0, 1, 'B');
INSERT INTO `el_paper_qu_answer` VALUES ('d6c182c5-e3cb-43fc-86d7-f269fd17646d', '1461504905012441090', '1286860480882757634', '1286860480865980417', 0, 0, 3, 'D');
INSERT INTO `el_paper_qu_answer` VALUES ('d73f0717-1938-481f-9edc-e2dd5bccf39d', '1594321673318846465', '1286856991058251778', '1286856991045668865', 0, 0, 8, 'I');
INSERT INTO `el_paper_qu_answer` VALUES ('d745de9e-9981-4e30-ad23-4428f6a202e5', '1594323178960736257', '1286856991062446082', '1286856991045668865', 1, 0, 5, 'F');
INSERT INTO `el_paper_qu_answer` VALUES ('d7603fd6-e625-4c36-8a06-ab197c6f9795', '1461506333319753729', '1286856991058251779', '1286856991045668865', 0, 0, 3, 'D');
INSERT INTO `el_paper_qu_answer` VALUES ('d78ccc87-597a-427f-94ea-0f503f2ae21e', '1594403589271343105', '1461505751196495873', '1461505751183912961', 1, 1, 3, 'D');
INSERT INTO `el_paper_qu_answer` VALUES ('d8397dbe-32b4-468e-84e4-733430f162f9', '1594326368263360514', '1286856991062446083', '1286856991045668865', 0, 0, 4, 'E');
INSERT INTO `el_paper_qu_answer` VALUES ('d84e8164-8c53-409b-a064-3c23ebd933a9', '1461506333319753729', '1286857269673283585', '1286857269660700674', 0, 0, 1, 'B');
INSERT INTO `el_paper_qu_answer` VALUES ('d86acb09-9fee-4782-b8d7-a7acf410f521', '1451071753757646850', '1286859710330392580', '1286859710305226754', 0, 0, 0, 'A');
INSERT INTO `el_paper_qu_answer` VALUES ('d89f9be5-794f-44e6-9922-39e286de3d32', '1451088836384817154', '1286859710330392579', '1286859710305226754', 0, 0, 4, 'E');
INSERT INTO `el_paper_qu_answer` VALUES ('d8ae55a2-c990-4724-9c97-acec0e01e8e3', '1451088836384817154', '1286859363679555586', '1286859363650195458', 0, 0, 4, 'E');
INSERT INTO `el_paper_qu_answer` VALUES ('d8de6c9d-83c4-4079-a1fa-d1fd172f595c', '1594331690994520065', '1286856991058251780', '1286856991045668865', 0, 0, 3, 'D');
INSERT INTO `el_paper_qu_answer` VALUES ('d9d2ba20-9f76-47af-9d8d-fef885e765ea', '1356433729043566593', '1286859710326198274', '1286859710305226754', 0, 0, 4, 'E');
INSERT INTO `el_paper_qu_answer` VALUES ('daad2ec3-1484-4e29-afd2-ac506b29c018', '1356433729043566593', '1286859363675361282', '1286859363650195458', 0, 0, 3, 'D');
INSERT INTO `el_paper_qu_answer` VALUES ('db79dbb8-6872-4236-839d-29651b3a22aa', '1356433729043566593', '1286856786221027330', '1286856786200055810', 1, 1, 1, 'B');
INSERT INTO `el_paper_qu_answer` VALUES ('dc453a70-7329-4cea-8869-f73dd678dcbc', '1594321673318846465', '1461505751196495873', '1461505751183912961', 1, 1, 1, 'B');
INSERT INTO `el_paper_qu_answer` VALUES ('ddfc85ef-3b2e-4946-a825-3d349b159167', '1461506333319753729', '1286856786216833026', '1286856786200055810', 0, 0, 4, 'E');
INSERT INTO `el_paper_qu_answer` VALUES ('dfabd907-eed5-48e5-b893-1867fa2af3a0', '1461504905012441090', '1286860480878563329', '1286860480865980417', 0, 0, 2, 'C');
INSERT INTO `el_paper_qu_answer` VALUES ('dfb2cd7f-bbcd-4084-9d1a-d84fd5aa81c7', '1356433729043566593', '1286858556800323587', '1286858556779352066', 1, 0, 2, 'C');
INSERT INTO `el_paper_qu_answer` VALUES ('dfb7bbc2-cf17-442a-9e1a-25b5fc8150e6', '1461504905012441090', '1286858826485682179', '1286858826460516353', 0, 0, 4, 'E');
INSERT INTO `el_paper_qu_answer` VALUES ('e0ba6fca-6019-4f87-8730-0c02ce8d8b0e', '1451071753757646850', '1286859710326198274', '1286859710305226754', 0, 0, 4, 'E');
INSERT INTO `el_paper_qu_answer` VALUES ('e1a6475d-3e96-4dd5-b3dd-b2e37dbc0b74', '1461504905012441090', '1286856503776595971', '1286856503755624449', 1, 0, 0, 'A');
INSERT INTO `el_paper_qu_answer` VALUES ('e1e1fced-fb5e-4426-be47-cb6b8359c512', '1451071753757646850', '1286856991062446086', '1286856991045668865', 0, 0, 7, 'H');
INSERT INTO `el_paper_qu_answer` VALUES ('e2cc183a-e6cc-43c7-832d-ac6a5eabfd49', '1461506333319753729', '1286859363679555587', '1286859363650195458', 1, 0, 4, 'E');
INSERT INTO `el_paper_qu_answer` VALUES ('e2df2f3d-3718-4f0a-8c95-428e7f4e1ae3', '1461504905012441090', '1286859120003076099', '1286859119977910274', 0, 1, 2, 'C');
INSERT INTO `el_paper_qu_answer` VALUES ('e349d2c0-0de9-4ba1-82ca-4fa54200fa71', '1451088836384817154', '1286858556800323587', '1286858556779352066', 1, 0, 4, 'E');
INSERT INTO `el_paper_qu_answer` VALUES ('e3c6ae05-a9a2-4fcc-bd86-4ed11c8c57fd', '1594330522490785793', '1286856991062446081', '1286856991045668865', 0, 0, 6, 'G');
INSERT INTO `el_paper_qu_answer` VALUES ('e3dd5085-c7f2-42f4-8cec-cf6ac95854f4', '1594330522490785793', '1461505751196495873', '1461505751183912961', 1, 0, 2, 'C');
INSERT INTO `el_paper_qu_answer` VALUES ('e4cb2438-1f2e-4a79-90e3-43793edb4a3e', '1451088836384817154', '1286860480882757634', '1286860480865980417', 0, 0, 0, 'A');
INSERT INTO `el_paper_qu_answer` VALUES ('e503b942-5e7e-4c1a-b036-da3ad2743cdf', '1594331864445767682', '1286856991058251780', '1286856991045668865', 0, 0, 3, 'D');
INSERT INTO `el_paper_qu_answer` VALUES ('e58b90e9-8edc-4a16-be30-fcf62fd2770e', '1594327019366141953', '1286856991062446084', '1286856991045668865', 0, 0, 0, 'A');
INSERT INTO `el_paper_qu_answer` VALUES ('e62d7e08-a680-420c-b3a2-08060944255a', '1451088836384817154', '1286856991062446085', '1286856991045668865', 0, 0, 6, 'G');
INSERT INTO `el_paper_qu_answer` VALUES ('e66a607c-09d1-4eab-bec7-511f348c7073', '1594331690994520065', '1461505751200690178', '1461505751183912961', 1, 1, 1, 'B');
INSERT INTO `el_paper_qu_answer` VALUES ('e6a4e4cc-8594-4a30-b248-48047fc3ef9f', '1451091214807994370', '1286859710330392578', '1286859710305226754', 1, 0, 4, 'E');
INSERT INTO `el_paper_qu_answer` VALUES ('e79b33af-caf4-4991-903f-a4fc4aaed764', '1461504905012441090', '1286856786216833025', '1286856786200055810', 0, 0, 3, 'D');
INSERT INTO `el_paper_qu_answer` VALUES ('e7c6e9e9-f8fd-4571-8765-cb9a68ce9458', '1356433729043566593', '1286859710330392578', '1286859710305226754', 1, 1, 3, 'D');
INSERT INTO `el_paper_qu_answer` VALUES ('e8abc8f0-4fc8-4a1d-8c00-72ca9429f49a', '1461506333319753729', '1286859363679555588', '1286859363650195458', 0, 1, 2, 'C');
INSERT INTO `el_paper_qu_answer` VALUES ('e92dbbaf-ee14-4b3f-b86c-599490b3241e', '1356433729043566593', '1286857269673283585', '1286857269660700674', 0, 0, 4, 'E');
INSERT INTO `el_paper_qu_answer` VALUES ('e948ed34-b85a-4651-acda-0fdeec905a52', '1594266116780216322', '1286856991062446082', '1286856991045668865', 1, 0, 6, 'G');
INSERT INTO `el_paper_qu_answer` VALUES ('ea25074d-df47-4333-a39a-62b20da110a3', '1594403589271343105', '1594401943774580738', '1594401943707471874', 1, 0, 3, 'D');
INSERT INTO `el_paper_qu_answer` VALUES ('ea29d6bd-2c82-4564-add3-1ea9013f10fe', '1451088836384817154', '1286856786221027332', '1286856786200055810', 0, 0, 3, 'D');
INSERT INTO `el_paper_qu_answer` VALUES ('eab68171-4a17-41ec-b254-9b7753e58241', '1594327019366141953', '1461505751200690179', '1461505751183912961', 0, 0, 3, 'D');
INSERT INTO `el_paper_qu_answer` VALUES ('eab83e5d-30e9-4fb4-98f4-af545e066198', '1594331864445767682', '1286856991062446081', '1286856991045668865', 0, 0, 2, 'C');
INSERT INTO `el_paper_qu_answer` VALUES ('eaff8bdb-12d0-4694-991f-bd53c36730f2', '1594321344305057793', '1461505751200690177', '1461505751183912961', 1, 0, 0, 'A');
INSERT INTO `el_paper_qu_answer` VALUES ('eb423b41-5954-43e4-9fa8-7c70202e00f8', '1461506333319753729', '1286858826485682178', '1286858826460516353', 0, 0, 4, 'E');
INSERT INTO `el_paper_qu_answer` VALUES ('eb4f3e29-dd97-491f-be08-2f92f40627d2', '1451071753757646850', '1286859363675361281', '1286859363650195458', 0, 0, 1, 'B');
INSERT INTO `el_paper_qu_answer` VALUES ('eb5cb558-8438-462e-bdd1-5861253fe79a', '1594331690994520065', '1286856991062446084', '1286856991045668865', 0, 0, 5, 'F');
INSERT INTO `el_paper_qu_answer` VALUES ('ec076a42-ff29-4ed7-8dda-a04fa9b4b927', '1451088836384817154', '1286859710334586881', '1286859710305226754', 0, 0, 1, 'B');
INSERT INTO `el_paper_qu_answer` VALUES ('ec0a09a6-17a7-43cc-9311-162d8b148381', '1594548617222324226', '1594401943774580739', '1594401943707471874', 0, 0, 2, 'C');
INSERT INTO `el_paper_qu_answer` VALUES ('ec571249-cc14-4ad8-8640-42633df269d9', '1451071753757646850', '1286859363679555586', '1286859363650195458', 0, 0, 0, 'A');
INSERT INTO `el_paper_qu_answer` VALUES ('ec643c7b-32c6-41ce-acb4-025c903a22f4', '1594403589271343105', '1461505751200690178', '1461505751183912961', 1, 1, 1, 'B');
INSERT INTO `el_paper_qu_answer` VALUES ('ec94aa5a-e52f-476a-8d98-09b0335e77e1', '1594321673318846465', '1286856991062446086', '1286856991045668865', 0, 0, 0, 'A');
INSERT INTO `el_paper_qu_answer` VALUES ('ecd49cae-d2e1-418c-b5f4-cc07b70f6b78', '1461504905012441090', '1286859120003076100', '1286859119977910274', 1, 0, 3, 'D');
INSERT INTO `el_paper_qu_answer` VALUES ('ed50a7f0-10df-4422-914a-04b288d7d90f', '1461506333319753729', '1286858826485682180', '1286858826460516353', 0, 0, 3, 'D');
INSERT INTO `el_paper_qu_answer` VALUES ('ed73a0d3-d413-4021-8af0-3302cf31710c', '1594327019366141953', '1286856991062446086', '1286856991045668865', 0, 0, 7, 'H');
INSERT INTO `el_paper_qu_answer` VALUES ('ee60cbd0-bf08-45c0-b23a-0455ded6b15f', '1594322546883317761', '1286856991062446084', '1286856991045668865', 0, 0, 5, 'F');
INSERT INTO `el_paper_qu_answer` VALUES ('eeb6d98f-173c-4a98-9901-f4ae6e5b15c8', '1451071753757646850', '1286859120003076098', '1286859119977910274', 0, 1, 2, 'C');
INSERT INTO `el_paper_qu_answer` VALUES ('eed78278-d3eb-4641-ad28-2b513c1bbb4a', '1451071753757646850', '1286856786221027332', '1286856786200055810', 0, 1, 3, 'D');
INSERT INTO `el_paper_qu_answer` VALUES ('ef3d2380-94ad-4eae-b1d6-0f20e6fdf8aa', '1594330522490785793', '1286856991062446083', '1286856991045668865', 0, 0, 2, 'C');
INSERT INTO `el_paper_qu_answer` VALUES ('ef4c03a2-ac29-4ae8-98d3-992c95e06995', '1594326368263360514', '1461505751200690177', '1461505751183912961', 1, 0, 0, 'A');
INSERT INTO `el_paper_qu_answer` VALUES ('ef4cfce8-31a8-4d8c-8d1a-306adaad965e', '1451091214807994370', '1286856786221027332', '1286856786200055810', 0, 0, 3, 'D');
INSERT INTO `el_paper_qu_answer` VALUES ('efb2152a-a1a4-450f-9c6e-fd2a3b256a53', '1461506333319753729', '1286858826485682179', '1286858826460516353', 0, 0, 1, 'B');
INSERT INTO `el_paper_qu_answer` VALUES ('efea4b8e-2d75-4229-aade-216002f24b06', '1594403589271343105', '1286856991062446085', '1286856991045668865', 0, 0, 1, 'B');
INSERT INTO `el_paper_qu_answer` VALUES ('efec25b9-9b2f-4059-a2b4-78e519b23f62', '1451091214807994370', '1286858556800323587', '1286858556779352066', 1, 0, 1, 'B');
INSERT INTO `el_paper_qu_answer` VALUES ('f067b8ec-7d41-4c42-a58f-e57a3fd36625', '1594321344305057793', '1286856991062446083', '1286856991045668865', 0, 0, 6, 'G');
INSERT INTO `el_paper_qu_answer` VALUES ('f0f36066-11e5-4b06-b8ff-d8ff37000859', '1594321673318846465', '1286856991058251779', '1286856991045668865', 0, 0, 1, 'B');
INSERT INTO `el_paper_qu_answer` VALUES ('f1181389-4878-4870-b306-bb6f2f684075', '1594331690994520065', '1286856991062446081', '1286856991045668865', 0, 0, 8, 'I');
INSERT INTO `el_paper_qu_answer` VALUES ('f14f569e-cedd-4ba7-aa17-bf6ba95e2a08', '1461506333319753729', '1286856786221027331', '1286856786200055810', 0, 0, 0, 'A');
INSERT INTO `el_paper_qu_answer` VALUES ('f1654d84-98b1-4726-a707-850781ade022', '1356434156560584706', '1286856991062446086', '1286856991045668865', 0, 0, 2, 'C');
INSERT INTO `el_paper_qu_answer` VALUES ('f1c72862-cda0-47c2-98a0-24b465de5b12', '1594332277970587650', '1461505751200690177', '1461505751183912961', 1, 0, 3, 'D');
INSERT INTO `el_paper_qu_answer` VALUES ('f292f0c7-2aac-4263-8343-5bcd8baca43a', '1594548617222324226', '1461505751200690179', '1461505751183912961', 0, 0, 1, 'B');
INSERT INTO `el_paper_qu_answer` VALUES ('f2f6dcc8-a131-4edb-a2db-8127911b5b84', '1594327085464178689', '1461505751200690178', '1461505751183912961', 1, 1, 1, 'B');
INSERT INTO `el_paper_qu_answer` VALUES ('f2f6f95a-19ab-4fe2-869e-86712ce988bd', '1461506333319753729', '1286856991058251780', '1286856991045668865', 0, 0, 0, 'A');
INSERT INTO `el_paper_qu_answer` VALUES ('f38be451-0eb6-44d2-ab2a-42d129e7406a', '1594320675263238146', '1286856991058251778', '1286856991045668865', 0, 0, 5, 'F');
INSERT INTO `el_paper_qu_answer` VALUES ('f41c24e7-d565-402d-9f2a-b94e5affc258', '1461504905012441090', '1286859120003076098', '1286859119977910274', 0, 0, 1, 'B');
INSERT INTO `el_paper_qu_answer` VALUES ('f4343bd3-0601-45d9-ad0b-30f820334ddc', '1594320675263238146', '1286856991062446081', '1286856991045668865', 0, 0, 1, 'B');
INSERT INTO `el_paper_qu_answer` VALUES ('f477cdbb-e047-4ce2-84f9-6c2dfa77ac0d', '1594330522490785793', '1286856991062446086', '1286856991045668865', 0, 0, 3, 'D');
INSERT INTO `el_paper_qu_answer` VALUES ('f4b8a486-015b-4c88-bd88-90bc40feb5b3', '1451088836384817154', '1286856991058251778', '1286856991045668865', 0, 0, 3, 'D');
INSERT INTO `el_paper_qu_answer` VALUES ('f517c800-35fc-4c91-8810-88966b418f21', '1461506333319753729', '1286857269677477890', '1286857269660700674', 0, 0, 3, 'D');
INSERT INTO `el_paper_qu_answer` VALUES ('f5cceaef-13b6-4fc7-932d-05c7312712a1', '1461504905012441090', '1286856503776595972', '1286856503755624449', 0, 0, 3, 'D');
INSERT INTO `el_paper_qu_answer` VALUES ('f6036408-0c71-450e-b727-1642abab4d5c', '1594322546883317761', '1286856991062446085', '1286856991045668865', 0, 0, 1, 'B');
INSERT INTO `el_paper_qu_answer` VALUES ('f60e4b3d-61cd-4da3-a2a6-51e677f0554b', '1356433729043566593', '1286856786216833025', '1286856786200055810', 0, 0, 0, 'A');
INSERT INTO `el_paper_qu_answer` VALUES ('f6ad8a96-19cb-441e-a028-7848ad264f96', '1594320675263238146', '1461505751196495873', '1461505751183912961', 1, 1, 3, 'D');
INSERT INTO `el_paper_qu_answer` VALUES ('f6b4e1b3-9263-42d4-bdb1-e5dc684f3b3c', '1451071753757646850', '1286860480882757634', '1286860480865980417', 0, 0, 3, 'D');
INSERT INTO `el_paper_qu_answer` VALUES ('f6d5f076-40c9-4b97-b55d-b1e4c80f72ca', '1461504905012441090', '1286859363675361281', '1286859363650195458', 0, 0, 4, 'E');
INSERT INTO `el_paper_qu_answer` VALUES ('f7643e5e-49ed-42f1-b15a-5c60c615b79e', '1356434156560584706', '1286859710326198274', '1286859710305226754', 0, 0, 0, 'A');
INSERT INTO `el_paper_qu_answer` VALUES ('f786713b-6f5d-472a-87a7-7e8df86f6185', '1594327085464178689', '1461506028993638401', '1461506028981055490', 1, 1, 1, 'B');
INSERT INTO `el_paper_qu_answer` VALUES ('f794df24-fc6a-4793-a3e7-81bb6fd1adc3', '1451071753757646850', '1286858826485682179', '1286858826460516353', 0, 0, 4, 'E');
INSERT INTO `el_paper_qu_answer` VALUES ('f7a20de2-4db3-48e5-b8d3-7b1736269710', '1461504905012441090', '1286859710330392579', '1286859710305226754', 0, 0, 2, 'C');
INSERT INTO `el_paper_qu_answer` VALUES ('f828a662-2a90-4072-9af5-6f60880f8483', '1594321344305057793', '1286856991062446086', '1286856991045668865', 0, 0, 1, 'B');
INSERT INTO `el_paper_qu_answer` VALUES ('f862e2f0-b8fa-43f1-9e94-473d172f64e0', '1594332473823612930', '1286856991058251778', '1286856991045668865', 0, 0, 8, 'I');
INSERT INTO `el_paper_qu_answer` VALUES ('f9ff5445-8c66-4fca-bbad-bc49ca44442e', '1594323178960736257', '1461506028993638401', '1461506028981055490', 1, 0, 1, 'B');
INSERT INTO `el_paper_qu_answer` VALUES ('fa00d131-c173-445a-9d03-e3f40cc42d1d', '1594322546883317761', '1286856991062446086', '1286856991045668865', 0, 0, 0, 'A');
INSERT INTO `el_paper_qu_answer` VALUES ('faf3c960-d78e-41a4-8506-fe162438095a', '1356433729043566593', '1286859710330392579', '1286859710305226754', 0, 0, 0, 'A');
INSERT INTO `el_paper_qu_answer` VALUES ('faf43d9c-bbf6-443c-aaa8-bee2f7d8361a', '1356434156560584706', '1286859120003076098', '1286859119977910274', 0, 0, 4, 'E');
INSERT INTO `el_paper_qu_answer` VALUES ('fb8673c7-0fac-4f03-bbda-15c92b025435', '1594322546883317761', '1286856991058251780', '1286856991045668865', 0, 0, 8, 'I');
INSERT INTO `el_paper_qu_answer` VALUES ('fbbccade-9115-468d-8a0c-1a5adcf22c63', '1461506333319753729', '1286856786216833025', '1286856786200055810', 0, 0, 1, 'B');
INSERT INTO `el_paper_qu_answer` VALUES ('fc61e389-ce6e-4229-b89a-efd3ff0b9684', '1461506333319753729', '1286858556800323587', '1286858556779352066', 1, 0, 1, 'B');
INSERT INTO `el_paper_qu_answer` VALUES ('fc8732da-9484-4dbe-b8c3-40c21c75f6f6', '1356433729043566593', '1286859120003076100', '1286859119977910274', 1, 0, 4, 'E');
INSERT INTO `el_paper_qu_answer` VALUES ('fcb9bb99-68d2-4747-a659-a04ddfe5fa46', '1594332277970587650', '1461506028993638401', '1461506028981055490', 1, 0, 1, 'B');
INSERT INTO `el_paper_qu_answer` VALUES ('fd08dcd3-5209-4861-aaf6-f83584e447ee', '1461506333319753729', '1286856991058251778', '1286856991045668865', 0, 0, 1, 'B');
INSERT INTO `el_paper_qu_answer` VALUES ('fd1e68a4-7a95-4727-acf9-7e6e3c044d47', '1594321344305057793', '1461506028993638402', '1461506028981055490', 0, 0, 0, 'A');
INSERT INTO `el_paper_qu_answer` VALUES ('fd6f66c9-f26d-4cab-94bb-430a4823e1da', '1461506333319753729', '1286856991062446082', '1286856991045668865', 1, 0, 5, 'F');
INSERT INTO `el_paper_qu_answer` VALUES ('fda56f8b-ff92-400a-b1cd-71896af18e29', '1451088836384817154', '1286859363679555587', '1286859363650195458', 1, 0, 2, 'C');
INSERT INTO `el_paper_qu_answer` VALUES ('fdf7e281-8992-4305-b2a5-27f8bdfb3d0a', '1451091214807994370', '1286860480886951937', '1286860480865980417', 0, 0, 3, 'D');
INSERT INTO `el_paper_qu_answer` VALUES ('fdfd9ba5-cac0-4a86-8f9b-eeae2b2b55e5', '1451088836384817154', '1286856991062446083', '1286856991045668865', 0, 0, 2, 'C');
INSERT INTO `el_paper_qu_answer` VALUES ('fe882846-ebec-49b0-8f62-e35ab868682c', '1451071753757646850', '1286858826485682178', '1286858826460516353', 0, 0, 0, 'A');
INSERT INTO `el_paper_qu_answer` VALUES ('fe969276-f428-4818-993d-309dc9fe4d6f', '1594331690994520065', '1286856991058251778', '1286856991045668865', 0, 0, 0, 'A');
INSERT INTO `el_paper_qu_answer` VALUES ('ff9bf2b5-a5dc-4630-96df-7baadc6a3184', '1594332077981978625', '1461505751200690177', '1461505751183912961', 1, 0, 0, 'A');

-- ----------------------------
-- Table structure for el_qu
-- ----------------------------
DROP TABLE IF EXISTS `el_qu`;
CREATE TABLE `el_qu`  (
  `id` varchar(64) CHARACTER SET utf8mb4 COLLATE utf8mb4_0900_ai_ci NOT NULL COMMENT '题目ID',
  `qu_type` int NOT NULL COMMENT '题目类型',
  `level` int NOT NULL DEFAULT 1 COMMENT '1普通,2较难',
  `image` varchar(500) CHARACTER SET utf8mb4 COLLATE utf8mb4_0900_ai_ci NOT NULL DEFAULT '' COMMENT '题目图片',
  `content` varchar(2000) CHARACTER SET utf8mb4 COLLATE utf8mb4_0900_ai_ci NOT NULL COMMENT '题目内容',
  `create_time` datetime NOT NULL DEFAULT CURRENT_TIMESTAMP COMMENT '创建时间',
  `update_time` datetime NOT NULL DEFAULT CURRENT_TIMESTAMP COMMENT '更新时间',
  `remark` varchar(255) CHARACTER SET utf8mb4 COLLATE utf8mb4_0900_ai_ci NOT NULL DEFAULT '' COMMENT '题目备注',
  `analysis` varchar(2000) CHARACTER SET utf8mb4 COLLATE utf8mb4_0900_ai_ci NOT NULL DEFAULT '' COMMENT '整题解析',
  PRIMARY KEY (`id`) USING BTREE,
  INDEX `qu_type`(`qu_type`) USING BTREE
) ENGINE = InnoDB CHARACTER SET = utf8mb4 COLLATE = utf8mb4_0900_ai_ci COMMENT = '问题题目' ROW_FORMAT = Dynamic;

-- ----------------------------
-- Records of el_qu
-- ----------------------------
INSERT INTO `el_qu` VALUES ('1286856991045668865', 1, 2, '', '找出下列数字中的质数：', '2022-10-11 10:53:09', '2022-10-11 10:53:09', '', '');
INSERT INTO `el_qu` VALUES ('1461505751183912961', 2, 1, '', '中国东北三省是指（）', '2022-10-11 09:24:59', '2022-10-11 09:24:59', '', '');
INSERT INTO `el_qu` VALUES ('1461506028981055490', 3, 1, '', '世界上最长的山脉安第斯山脉', '2022-10-11 09:26:05', '2022-10-11 09:26:05', '', '');
INSERT INTO `el_qu` VALUES ('1594401943707471874', 2, 1, 'http://localhost:8101/upload/file/2022/11/21/1594404839320748034.jpg', 'test', '2022-11-21 02:47:01', '2022-11-21 02:47:01', '', 'sdfadf');

-- ----------------------------
-- Table structure for el_qu_answer
-- ----------------------------
DROP TABLE IF EXISTS `el_qu_answer`;
CREATE TABLE `el_qu_answer`  (
  `id` varchar(64) CHARACTER SET utf8mb4 COLLATE utf8mb4_0900_ai_ci NOT NULL COMMENT '答案ID',
  `qu_id` varchar(64) CHARACTER SET utf8mb4 COLLATE utf8mb4_0900_ai_ci NOT NULL COMMENT '问题ID',
  `is_right` tinyint NOT NULL DEFAULT 0 COMMENT '是否正确',
  `image` varchar(500) CHARACTER SET utf8mb4 COLLATE utf8mb4_0900_ai_ci NOT NULL DEFAULT '' COMMENT '选项图片',
  `content` varchar(5000) CHARACTER SET utf8mb4 COLLATE utf8mb4_0900_ai_ci NOT NULL DEFAULT '' COMMENT '答案内容',
  `analysis` varchar(5000) CHARACTER SET utf8mb4 COLLATE utf8mb4_0900_ai_ci NOT NULL DEFAULT '' COMMENT '答案分析',
  PRIMARY KEY (`id`) USING BTREE,
  INDEX `qu_id`(`qu_id`) USING BTREE
) ENGINE = InnoDB CHARACTER SET = utf8mb4 COLLATE = utf8mb4_0900_ai_ci COMMENT = '候选答案' ROW_FORMAT = Dynamic;

-- ----------------------------
-- Records of el_qu_answer
-- ----------------------------
INSERT INTO `el_qu_answer` VALUES ('1286856503772401665', '1286856503755624449', 0, '', '73', '');
INSERT INTO `el_qu_answer` VALUES ('1286856503776595970', '1286856503755624449', 0, '', '63', '');
INSERT INTO `el_qu_answer` VALUES ('1286856503776595971', '1286856503755624449', 1, '', '53', '');
INSERT INTO `el_qu_answer` VALUES ('1286856503776595972', '1286856503755624449', 0, '', '43', '');
INSERT INTO `el_qu_answer` VALUES ('1286856503776595973', '1286856503755624449', 0, '', '27', '');
INSERT INTO `el_qu_answer` VALUES ('1286856786216833025', '1286856786200055810', 0, '', '侄子', '');
INSERT INTO `el_qu_answer` VALUES ('1286856786216833026', '1286856786200055810', 0, '', '表兄', '');
INSERT INTO `el_qu_answer` VALUES ('1286856786221027330', '1286856786200055810', 1, '', '叔叔', '');
INSERT INTO `el_qu_answer` VALUES ('1286856786221027331', '1286856786200055810', 0, '', '母亲', '');
INSERT INTO `el_qu_answer` VALUES ('1286856786221027332', '1286856786200055810', 0, '', '哥哥', '');
INSERT INTO `el_qu_answer` VALUES ('1286856991058251778', '1286856991045668865', 0, '', '4', '');
INSERT INTO `el_qu_answer` VALUES ('1286856991058251780', '1286856991045668865', 0, '', '8', '');
INSERT INTO `el_qu_answer` VALUES ('1286856991062446081', '1286856991045668865', 0, '', '10', '');
INSERT INTO `el_qu_answer` VALUES ('1286856991062446082', '1286856991045668865', 1, '', '11', '');
INSERT INTO `el_qu_answer` VALUES ('1286856991062446085', '1286856991045668865', 0, '', '32', '');
INSERT INTO `el_qu_answer` VALUES ('1286857269673283585', '1286857269660700674', 0, '', '鳃', '');
INSERT INTO `el_qu_answer` VALUES ('1286857269673283586', '1286857269660700674', 0, '', '大海', '');
INSERT INTO `el_qu_answer` VALUES ('1286857269673283587', '1286857269660700674', 0, '', '渔夫', '');
INSERT INTO `el_qu_answer` VALUES ('1286857269677477889', '1286857269660700674', 1, '', '鱼', '');
INSERT INTO `el_qu_answer` VALUES ('1286857269677477890', '1286857269660700674', 0, '', '鳍', '');
INSERT INTO `el_qu_answer` VALUES ('1286858556800323585', '1286858556779352066', 0, '', '25.6米', '');
INSERT INTO `el_qu_answer` VALUES ('1286858556800323586', '1286858556779352066', 0, '', '36米', '');
INSERT INTO `el_qu_answer` VALUES ('1286858556800323587', '1286858556779352066', 1, '', '51.2米', '');
INSERT INTO `el_qu_answer` VALUES ('1286858556800323588', '1286858556779352066', 0, '', '64.4米', '');
INSERT INTO `el_qu_answer` VALUES ('1286858556804517889', '1286858556779352066', 0, '', '76.2米', '');
INSERT INTO `el_qu_answer` VALUES ('1286858826477293569', '1286858826460516353', 1, '', '分', '');
INSERT INTO `el_qu_answer` VALUES ('1286858826485682178', '1286858826460516353', 0, '', '秒', '');
INSERT INTO `el_qu_answer` VALUES ('1286858826485682179', '1286858826460516353', 0, '', '月', '');
INSERT INTO `el_qu_answer` VALUES ('1286858826485682180', '1286858826460516353', 0, '', '日', '');
INSERT INTO `el_qu_answer` VALUES ('1286858826485682181', '1286858826460516353', 0, '', '钟', '');
INSERT INTO `el_qu_answer` VALUES ('1286859119998881794', '1286859119977910274', 0, '', '8', '');
INSERT INTO `el_qu_answer` VALUES ('1286859120003076098', '1286859119977910274', 0, '', '10', '');
INSERT INTO `el_qu_answer` VALUES ('1286859120003076099', '1286859119977910274', 0, '', '12', '');
INSERT INTO `el_qu_answer` VALUES ('1286859120003076100', '1286859119977910274', 1, '', '16', '');
INSERT INTO `el_qu_answer` VALUES ('1286859120007270402', '1286859119977910274', 0, '', '20', '');
INSERT INTO `el_qu_answer` VALUES ('1286859363675361281', '1286859363650195458', 0, '', '南昌', '');
INSERT INTO `el_qu_answer` VALUES ('1286859363675361282', '1286859363650195458', 0, '', '西安', '');
INSERT INTO `el_qu_answer` VALUES ('1286859363679555586', '1286859363650195458', 0, '', '郑州', '');
INSERT INTO `el_qu_answer` VALUES ('1286859363679555587', '1286859363650195458', 1, '', '哈尔滨', '');
INSERT INTO `el_qu_answer` VALUES ('1286859363679555588', '1286859363650195458', 0, '', '昆明', '');
INSERT INTO `el_qu_answer` VALUES ('1286859710326198274', '1286859710305226754', 0, '', '20%', '');
INSERT INTO `el_qu_answer` VALUES ('1286859710330392578', '1286859710305226754', 1, '', '25% ', '');
INSERT INTO `el_qu_answer` VALUES ('1286859710330392579', '1286859710305226754', 0, '', '30%', '');
INSERT INTO `el_qu_answer` VALUES ('1286859710330392580', '1286859710305226754', 0, '', '35%', '');
INSERT INTO `el_qu_answer` VALUES ('1286859710334586881', '1286859710305226754', 0, '', '40%', '');
INSERT INTO `el_qu_answer` VALUES ('1286860480878563329', '1286860480865980417', 0, 'http://localhost:8101/upload/file/2021/10/21/1451088637159571458.png', '5', '');
INSERT INTO `el_qu_answer` VALUES ('1286860480882757634', '1286860480865980417', 0, '', '7', '');
INSERT INTO `el_qu_answer` VALUES ('1286860480882757635', '1286860480865980417', 0, 'http://localhost:8101/upload/file/2021/10/21/1451088685704445953.png', '9', '');
INSERT INTO `el_qu_answer` VALUES ('1286860480882757636', '1286860480865980417', 1, '', '11', '');
INSERT INTO `el_qu_answer` VALUES ('1286860480886951937', '1286860480865980417', 0, '', '13', '');
INSERT INTO `el_qu_answer` VALUES ('1461505492391161858', '1461505492353413121', 1, '', '香港', '');
INSERT INTO `el_qu_answer` VALUES ('1461505492395356161', '1461505492353413121', 1, '', '澳门', '');
INSERT INTO `el_qu_answer` VALUES ('1461505492395356162', '1461505492353413121', 0, '', '珠海', '');
INSERT INTO `el_qu_answer` VALUES ('1461505492395356163', '1461505492353413121', 0, '', '重庆', '');
INSERT INTO `el_qu_answer` VALUES ('1461505751196495873', '1461505751183912961', 1, '', '黑龙江省', '');
INSERT INTO `el_qu_answer` VALUES ('1461505751200690177', '1461505751183912961', 1, '', '吉林省', '');
INSERT INTO `el_qu_answer` VALUES ('1461505751200690178', '1461505751183912961', 1, '', '辽宁省', '');
INSERT INTO `el_qu_answer` VALUES ('1461505751200690179', '1461505751183912961', 0, '', '河北省', '');
INSERT INTO `el_qu_answer` VALUES ('1461505894155153409', '1461505894142570497', 1, '', '正确', '');
INSERT INTO `el_qu_answer` VALUES ('1461505894159347714', '1461505894142570497', 0, '', '错误', '');
INSERT INTO `el_qu_answer` VALUES ('1461506028993638401', '1461506028981055490', 1, '', '正确', '');
INSERT INTO `el_qu_answer` VALUES ('1461506028993638402', '1461506028981055490', 0, '', '错误', '');
INSERT INTO `el_qu_answer` VALUES ('1594401943774580737', '1594401943707471874', 1, '', '123', '');
INSERT INTO `el_qu_answer` VALUES ('1594401943774580738', '1594401943707471874', 1, '', '123', '');
INSERT INTO `el_qu_answer` VALUES ('1594401943774580739', '1594401943707471874', 0, '', '123', '');
INSERT INTO `el_qu_answer` VALUES ('1594401943774580740', '1594401943707471874', 0, '', '123', '');

-- ----------------------------
-- Table structure for el_qu_repo
-- ----------------------------
DROP TABLE IF EXISTS `el_qu_repo`;
CREATE TABLE `el_qu_repo`  (
  `id` varchar(64) CHARACTER SET utf8mb4 COLLATE utf8mb4_0900_ai_ci NOT NULL,
  `qu_id` varchar(64) CHARACTER SET utf8mb4 COLLATE utf8mb4_0900_ai_ci NOT NULL COMMENT '试题',
  `repo_id` varchar(64) CHARACTER SET utf8mb4 COLLATE utf8mb4_0900_ai_ci NOT NULL COMMENT '归属题库',
  `qu_type` int NOT NULL DEFAULT 0 COMMENT '题目类型',
  `sort` int NOT NULL DEFAULT 0 COMMENT '排序',
  PRIMARY KEY (`id`) USING BTREE,
  INDEX `qu_id`(`qu_id`) USING BTREE,
  INDEX `repo_id`(`repo_id`) USING BTREE
) ENGINE = InnoDB CHARACTER SET = utf8mb4 COLLATE = utf8mb4_0900_ai_ci COMMENT = '试题题库' ROW_FORMAT = Dynamic;

-- ----------------------------
-- Records of el_qu_repo
-- ----------------------------
INSERT INTO `el_qu_repo` VALUES ('1577208619678584834', '1461506028981055490', '1265561101609795585', 3, 1);
INSERT INTO `el_qu_repo` VALUES ('1577208619678584835', '1461506028981055490', '1577197180859469825', 3, 1);
INSERT INTO `el_qu_repo` VALUES ('1577208619745693698', '1461505751183912961', '1265561101609795585', 2, 2);
INSERT INTO `el_qu_repo` VALUES ('1577208619745693699', '1461505751183912961', '1577197180859469825', 2, 2);
INSERT INTO `el_qu_repo` VALUES ('1594404857549193217', '1594401943707471874', '1265561101609795585', 2, 3);
INSERT INTO `el_qu_repo` VALUES ('1594404857603719169', '1594401943707471874', '1577197180859469825', 2, 3);
INSERT INTO `el_qu_repo` VALUES ('1594549112020172802', '1286856991045668865', '1265561101609795585', 1, 4);
INSERT INTO `el_qu_repo` VALUES ('1594549112020172803', '1286856991045668865', '1577197180859469825', 1, 4);

-- ----------------------------
-- Table structure for el_repo
-- ----------------------------
DROP TABLE IF EXISTS `el_repo`;
CREATE TABLE `el_repo`  (
  `id` varchar(64) CHARACTER SET utf8 COLLATE utf8_general_ci NOT NULL COMMENT '题库ID',
  `code` varchar(255) CHARACTER SET utf8 COLLATE utf8_general_ci NOT NULL DEFAULT '' COMMENT '题库编号',
  `title` varchar(255) CHARACTER SET utf8 COLLATE utf8_general_ci NOT NULL COMMENT '题库名称',
  `radio_count` int NOT NULL DEFAULT 0 COMMENT '单选数量',
  `multi_count` int NOT NULL DEFAULT 0 COMMENT '多选数量',
  `judge_count` int NOT NULL DEFAULT 0 COMMENT '判断数量',
  `remark` varchar(255) CHARACTER SET utf8 COLLATE utf8_general_ci NOT NULL DEFAULT '' COMMENT '题库备注',
  `create_time` datetime NULL DEFAULT NULL COMMENT '创建时间',
  `update_time` datetime NULL DEFAULT NULL COMMENT '更新时间',
  PRIMARY KEY (`id`) USING BTREE
) ENGINE = InnoDB CHARACTER SET = utf8 COLLATE = utf8_general_ci COMMENT = '题库' ROW_FORMAT = Dynamic;

-- ----------------------------
-- Records of el_repo
-- ----------------------------
INSERT INTO `el_repo` VALUES ('1265561101609795585', '演示题库', '演示题库', 1, 2, 1, '此题库为演示题库', '2022-10-03 16:30:54', '2022-10-03 16:30:54');
INSERT INTO `el_repo` VALUES ('1577197180859469825', '', 'test', 1, 2, 1, '', '2022-10-04 15:21:25', '2022-10-04 15:21:25');

-- ----------------------------
-- Table structure for el_user_book
-- ----------------------------
DROP TABLE IF EXISTS `el_user_book`;
CREATE TABLE `el_user_book`  (
  `id` varchar(64) CHARACTER SET utf8mb4 COLLATE utf8mb4_0900_ai_ci NOT NULL COMMENT 'ID',
  `exam_id` varchar(32) CHARACTER SET utf8mb4 COLLATE utf8mb4_0900_ai_ci NOT NULL COMMENT '考试ID',
  `user_id` varchar(64) CHARACTER SET utf8mb4 COLLATE utf8mb4_0900_ai_ci NOT NULL COMMENT '用户ID',
  `qu_id` varchar(64) CHARACTER SET utf8mb4 COLLATE utf8mb4_0900_ai_ci NOT NULL COMMENT '题目ID',
  `create_time` datetime NULL DEFAULT NULL COMMENT '加入时间',
  `update_time` datetime NULL DEFAULT NULL COMMENT '最近错误时间',
  `wrong_count` int NOT NULL COMMENT '错误时间',
  `title` varchar(1000) CHARACTER SET utf8mb4 COLLATE utf8mb4_0900_ai_ci NOT NULL COMMENT '题目标题',
  `sort` int NOT NULL COMMENT '错题序号',
  PRIMARY KEY (`id`) USING BTREE,
  INDEX `user_id`(`user_id`) USING BTREE,
  INDEX `sort`(`sort`) USING BTREE,
  INDEX `exam_id`(`exam_id`) USING BTREE
) ENGINE = InnoDB CHARACTER SET = utf8mb4 COLLATE = utf8mb4_0900_ai_ci COMMENT = '错题本' ROW_FORMAT = Dynamic;

-- ----------------------------
-- Records of el_user_book
-- ----------------------------
INSERT INTO `el_user_book` VALUES ('1356433854537142273', '1356425140212076545', '10001', '1286856503755624449', '2021-02-02 10:46:47', '2021-02-02 10:46:47', 4, '汉期、赛斯、麦克、约翰逊共买苹果144个。汉期买的苹果比赛斯多10个，比麦克多26个，比约翰逊多32个。汉期买了多少个苹果？', 1);
INSERT INTO `el_user_book` VALUES ('1356433854566502401', '1356425140212076545', '10001', '1286857269660700674', '2021-02-02 10:46:47', '2021-02-02 10:46:47', 4, '五个答案中哪个是最好的类比？皮对于树相当于鳞对于', 2);
INSERT INTO `el_user_book` VALUES ('1356433854600056834', '1356425140212076545', '10001', '1286856991045668865', '2021-02-02 10:46:47', '2021-02-02 10:46:47', 6, '找出下列数字中多余的一个：', 3);
INSERT INTO `el_user_book` VALUES ('1356433854633611266', '1356425140212076545', '10001', '1286859363650195458', '2021-02-02 10:46:47', '2021-02-02 10:46:47', 4, '找出与众不同的一个：', 4);
INSERT INTO `el_user_book` VALUES ('1356433854662971393', '1356425140212076545', '10001', '1286859119977910274', '2021-02-02 10:46:47', '2021-02-02 10:46:47', 4, '如果把这个大立方体的六个面全部涂上黑色，然后按图中虚线把它切成36个小方块，两面有黑色的小方块有多少个？', 5);
INSERT INTO `el_user_book` VALUES ('1356433854700720130', '1356425140212076545', '10001', '1286858826460516353', '2021-02-02 10:46:47', '2021-02-02 10:46:47', 4, '角对于元相当于小时对于', 6);
INSERT INTO `el_user_book` VALUES ('1356433854746857474', '1356425140212076545', '10001', '1286858556779352066', '2021-02-02 10:46:47', '2021-02-02 10:46:47', 3, '火车守车(车尾)长6.4米。机车的长度等于守车的长加上半节车厢的长。车厢长度等于守车长加上机车长。火车的机车、车厢、守车共长多少米？', 7);
INSERT INTO `el_user_book` VALUES ('1451071866911580161', '1356425140212076545', '10001', '1286859710305226754', '2021-10-21 14:24:27', '2021-10-21 14:24:27', 3, '图中阴影部分占面积百分之几？', 8);
INSERT INTO `el_user_book` VALUES ('1451071866953523201', '1356425140212076545', '10001', '1286856786200055810', '2021-10-21 14:24:27', '2021-10-21 14:24:27', 3, '五个答案中哪个是最好的类比？女儿对于父亲相当于侄女对于', 9);
INSERT INTO `el_user_book` VALUES ('1451071866987077633', '1356425140212076545', '10001', '1286860480865980417', '2021-10-21 14:24:27', '2021-10-21 14:24:27', 3, '数数有多少个三角形', 10);
INSERT INTO `el_user_book` VALUES ('1461504950365450241', '1356425140212076545', '1252125239901696002', '1286859710305226754', '2021-11-19 09:21:48', '2021-11-19 09:21:48', 1, '图中阴影部分占面积百分之几？', 1);
INSERT INTO `el_user_book` VALUES ('1461504950394810369', '1356425140212076545', '1252125239901696002', '1286856503755624449', '2021-11-19 09:21:48', '2021-11-19 09:21:48', 1, '汉期、赛斯、麦克、约翰逊共买苹果144个。汉期买的苹果比赛斯多10个，比麦克多26个，比约翰逊多32个。汉期买了多少个苹果？', 2);
INSERT INTO `el_user_book` VALUES ('1461504950419976194', '1356425140212076545', '1252125239901696002', '1286858556779352066', '2021-11-19 09:21:48', '2021-11-19 09:21:48', 2, '火车守车(车尾)长6.4米。机车的长度等于守车的长加上半节车厢的长。车厢长度等于守车长加上机车长。火车的机车、车厢、守车共长多少米？', 3);
INSERT INTO `el_user_book` VALUES ('1461504950440947714', '1356425140212076545', '1252125239901696002', '1286856786200055810', '2021-11-19 09:21:48', '2021-11-19 09:21:48', 2, '五个答案中哪个是最好的类比？女儿对于父亲相当于侄女对于', 4);
INSERT INTO `el_user_book` VALUES ('1461504950461919233', '1356425140212076545', '1252125239901696002', '1286857269660700674', '2021-11-19 09:21:48', '2021-11-19 09:21:48', 2, '五个答案中哪个是最好的类比？皮对于树相当于鳞对于', 5);
INSERT INTO `el_user_book` VALUES ('1461504950491279361', '1356425140212076545', '1252125239901696002', '1286858826460516353', '2021-11-19 09:21:48', '2021-11-19 09:21:48', 2, '角对于元相当于小时对于', 6);
INSERT INTO `el_user_book` VALUES ('1461504950524833793', '1356425140212076545', '1252125239901696002', '1286859119977910274', '2021-11-19 09:21:48', '2021-11-19 09:21:48', 1, '如果把这个大立方体的六个面全部涂上黑色，然后按图中虚线把它切成36个小方块，两面有黑色的小方块有多少个？', 7);
INSERT INTO `el_user_book` VALUES ('1461504950549999618', '1356425140212076545', '1252125239901696002', '1286859363650195458', '2021-11-19 09:21:48', '2021-11-19 09:21:48', 2, '找出与众不同的一个：', 8);
INSERT INTO `el_user_book` VALUES ('1461504950570971138', '1356425140212076545', '1252125239901696002', '1286856991045668865', '2021-11-19 09:21:48', '2021-11-19 09:21:48', 2, '找出下列数字中多余的一个：', 9);
INSERT INTO `el_user_book` VALUES ('1461504950596136962', '1356425140212076545', '1252125239901696002', '1286860480865980417', '2021-11-19 09:21:48', '2021-11-19 09:21:48', 1, '数数有多少个三角形', 10);
INSERT INTO `el_user_book` VALUES ('1461506451158724609', '1356425140212076545', '1252125239901696002', '1461505751183912961', '2021-11-19 09:27:46', '2021-11-19 09:27:46', 2, '中国东北三省是指（）', 11);
INSERT INTO `el_user_book` VALUES ('1461506451175501826', '1356425140212076545', '1252125239901696002', '1461505492353413121', '2021-11-19 09:27:46', '2021-11-19 09:27:46', 1, '以下哪些是中国的特别行政区？', 12);
INSERT INTO `el_user_book` VALUES ('1461506451192279042', '1356425140212076545', '1252125239901696002', '1461505894142570497', '2021-11-19 09:27:46', '2021-11-19 09:27:46', 1, '咖啡的故乡是非洲吗？', 13);
INSERT INTO `el_user_book` VALUES ('1594321599062888450', '1356425140212076545', '10001', '1461505751183912961', '2022-11-20 21:27:45', '2022-11-20 21:27:45', 4, '中国东北三省是指（）', 11);
INSERT INTO `el_user_book` VALUES ('1594321599062888451', '1356425140212076545', '10001', '1461506028981055490', '2022-11-20 21:27:45', '2022-11-20 21:27:45', 5, '世界上最长的山脉安第斯山脉', 12);
INSERT INTO `el_user_book` VALUES ('1594323194878119937', '1577198869263962113', '10001', '1286856991045668865', '2022-11-20 21:34:05', '2022-11-20 21:34:05', 1, '找出下列数字中多余的一个：', 1);
INSERT INTO `el_user_book` VALUES ('1594323194878119938', '1577198869263962113', '10001', '1461505751183912961', '2022-11-20 21:34:05', '2022-11-20 21:34:05', 1, '中国东北三省是指（）', 2);
INSERT INTO `el_user_book` VALUES ('1594323194936840194', '1577198869263962113', '10001', '1461506028981055490', '2022-11-20 21:34:05', '2022-11-20 21:34:05', 1, '世界上最长的山脉安第斯山脉', 3);
INSERT INTO `el_user_book` VALUES ('1594403668124258306', '1356425140212076545', '1252125239901696002', '1594401943707471874', '2022-11-21 02:53:52', '2022-11-21 02:53:52', 2, 'test', 14);
INSERT INTO `el_user_book` VALUES ('1594548697396445186', '1356425140212076545', '1252125239901696002', '1461506028981055490', '2022-11-21 12:30:09', '2022-11-21 12:30:09', 1, '世界上最长的山脉安第斯山脉', 15);

-- ----------------------------
-- Table structure for el_user_exam
-- ----------------------------
DROP TABLE IF EXISTS `el_user_exam`;
CREATE TABLE `el_user_exam`  (
  `id` varchar(32) CHARACTER SET utf8mb4 COLLATE utf8mb4_0900_ai_ci NOT NULL,
  `user_id` varchar(32) CHARACTER SET utf8mb4 COLLATE utf8mb4_0900_ai_ci NOT NULL COMMENT '用户ID',
  `exam_id` varchar(32) CHARACTER SET utf8mb4 COLLATE utf8mb4_0900_ai_ci NOT NULL COMMENT '考试ID',
  `try_count` int NOT NULL DEFAULT 1 COMMENT '考试次数',
  `max_score` int NOT NULL DEFAULT 0 COMMENT '最高分数',
  `passed` tinyint NOT NULL DEFAULT 0 COMMENT '是否通过',
  `create_time` datetime NULL DEFAULT NULL COMMENT '创建时间',
  `update_time` datetime NULL DEFAULT NULL COMMENT '更新时间',
  PRIMARY KEY (`id`) USING BTREE,
  UNIQUE INDEX `user_id`(`user_id`, `exam_id`) USING BTREE
) ENGINE = InnoDB CHARACTER SET = utf8mb4 COLLATE = utf8mb4_0900_ai_ci COMMENT = '考试记录' ROW_FORMAT = Dynamic;

-- ----------------------------
-- Records of el_user_exam
-- ----------------------------
INSERT INTO `el_user_exam` VALUES ('1594322586657902593', '10001', '1577198869263962113', 2, 4, 1, '2022-11-20 21:31:40', '2022-11-20 21:34:05');
INSERT INTO `el_user_exam` VALUES ('1594327069047672833', '10001', '1356425140212076545', 5, 30, 1, '2022-11-20 21:49:29', '2022-11-20 22:11:08');
INSERT INTO `el_user_exam` VALUES ('1594327126358642690', '1252125239901696002', '1577198869263962113', 1, 4, 1, '2022-11-20 21:49:43', '2022-11-20 21:49:43');
INSERT INTO `el_user_exam` VALUES ('1594403667994234881', '1252125239901696002', '1356425140212076545', 2, 30, 1, '2022-11-21 02:53:52', '2022-11-21 12:30:09');

-- ----------------------------
-- Table structure for sys_config
-- ----------------------------
DROP TABLE IF EXISTS `sys_config`;
CREATE TABLE `sys_config`  (
  `id` varchar(32) CHARACTER SET utf8mb4 COLLATE utf8mb4_0900_ai_ci NOT NULL COMMENT 'ID',
  `site_name` varchar(255) CHARACTER SET utf8mb4 COLLATE utf8mb4_0900_ai_ci NULL DEFAULT NULL COMMENT '系统名称',
  `front_logo` varchar(255) CHARACTER SET utf8mb4 COLLATE utf8mb4_0900_ai_ci NULL DEFAULT NULL COMMENT '前端LOGO',
  `back_logo` varchar(255) CHARACTER SET utf8mb4 COLLATE utf8mb4_0900_ai_ci NULL DEFAULT NULL COMMENT '后台LOGO',
  `copy_right` varchar(255) CHARACTER SET utf8mb4 COLLATE utf8mb4_0900_ai_ci NULL DEFAULT NULL COMMENT '版权信息',
  `create_time` datetime NULL DEFAULT NULL COMMENT '创建时间',
  `update_time` datetime NULL DEFAULT NULL COMMENT '更新时间',
  `create_by` varchar(255) CHARACTER SET utf8mb4 COLLATE utf8mb4_0900_ai_ci NULL DEFAULT '' COMMENT '创建人',
  `update_by` varchar(255) CHARACTER SET utf8mb4 COLLATE utf8mb4_0900_ai_ci NULL DEFAULT '' COMMENT '修改人',
  `data_flag` int NULL DEFAULT 0 COMMENT '数据标识',
  PRIMARY KEY (`id`) USING BTREE
) ENGINE = InnoDB CHARACTER SET = utf8mb4 COLLATE = utf8mb4_0900_ai_ci COMMENT = '系统设置' ROW_FORMAT = Dynamic;

-- ----------------------------
-- Records of sys_config
-- ----------------------------
INSERT INTO `sys_config` VALUES ('1', '考试管理系统', NULL, NULL, NULL, '2022-10-04 16:51:30', '2022-10-04 16:51:30', '', '', 1);

-- ----------------------------
-- Table structure for sys_depart
-- ----------------------------
DROP TABLE IF EXISTS `sys_depart`;
CREATE TABLE `sys_depart`  (
  `id` varchar(32) CHARACTER SET utf8mb4 COLLATE utf8mb4_0900_ai_ci NOT NULL COMMENT 'ID',
  `dept_type` int NOT NULL DEFAULT 1 COMMENT '1公司2部门',
  `parent_id` varchar(32) CHARACTER SET utf8mb4 COLLATE utf8mb4_0900_ai_ci NOT NULL COMMENT '所属上级',
  `dept_name` varchar(255) CHARACTER SET utf8mb4 COLLATE utf8mb4_0900_ai_ci NOT NULL DEFAULT '' COMMENT '部门名称',
  `dept_code` varchar(255) CHARACTER SET utf8mb4 COLLATE utf8mb4_0900_ai_ci NOT NULL DEFAULT '' COMMENT '部门编码',
  `sort` int NOT NULL DEFAULT 0 COMMENT '排序',
  PRIMARY KEY (`id`) USING BTREE
) ENGINE = InnoDB CHARACTER SET = utf8mb4 COLLATE = utf8mb4_0900_ai_ci COMMENT = '部门信息' ROW_FORMAT = Dynamic;

-- ----------------------------
-- Records of sys_depart
-- ----------------------------
INSERT INTO `sys_depart` VALUES ('1577203473645064193', 1, '0', '计算机学院', 'A01', 1);
INSERT INTO `sys_depart` VALUES ('1577203500316643330', 1, '1577203473645064193', 'A302', 'A01A01', 1);
INSERT INTO `sys_depart` VALUES ('1594322343769952257', 1, '1577203473645064193', 'A303', 'A01A02', 2);

-- ----------------------------
-- Table structure for sys_role
-- ----------------------------
DROP TABLE IF EXISTS `sys_role`;
CREATE TABLE `sys_role`  (
  `id` varchar(32) CHARACTER SET utf8mb4 COLLATE utf8mb4_0900_ai_ci NOT NULL COMMENT '角色ID',
  `role_name` varchar(255) CHARACTER SET utf8mb4 COLLATE utf8mb4_0900_ai_ci NOT NULL DEFAULT '' COMMENT '角色名称',
  PRIMARY KEY (`id`) USING BTREE
) ENGINE = InnoDB CHARACTER SET = utf8mb4 COLLATE = utf8mb4_0900_ai_ci COMMENT = '角色' ROW_FORMAT = Dynamic;

-- ----------------------------
-- Records of sys_role
-- ----------------------------
INSERT INTO `sys_role` VALUES ('sa', '超级管理员');
INSERT INTO `sys_role` VALUES ('student', '学员');

-- ----------------------------
-- Table structure for sys_user
-- ----------------------------
DROP TABLE IF EXISTS `sys_user`;
CREATE TABLE `sys_user`  (
  `id` varchar(32) CHARACTER SET utf8mb4 COLLATE utf8mb4_0900_ai_ci NOT NULL COMMENT 'ID',
  `user_name` varchar(255) CHARACTER SET utf8mb4 COLLATE utf8mb4_0900_ai_ci NOT NULL DEFAULT '' COMMENT '用户名',
  `real_name` varchar(255) CHARACTER SET utf8mb4 COLLATE utf8mb4_0900_ai_ci NOT NULL DEFAULT '' COMMENT '真实姓名',
  `password` varchar(255) CHARACTER SET utf8mb4 COLLATE utf8mb4_0900_ai_ci NOT NULL DEFAULT '' COMMENT '密码',
  `salt` varchar(255) CHARACTER SET utf8mb4 COLLATE utf8mb4_0900_ai_ci NOT NULL DEFAULT '' COMMENT '密码盐',
  `role_ids` varchar(500) CHARACTER SET utf8mb4 COLLATE utf8mb4_0900_ai_ci NOT NULL DEFAULT '' COMMENT '角色列表',
  `depart_id` varchar(32) CHARACTER SET utf8mb4 COLLATE utf8mb4_0900_ai_ci NOT NULL DEFAULT '' COMMENT '部门ID',
  `create_time` datetime NULL DEFAULT NULL COMMENT '创建时间',
  `update_time` datetime NULL DEFAULT NULL COMMENT '更新时间',
  `state` int NOT NULL DEFAULT 0 COMMENT '状态',
  `data_flag` int NOT NULL DEFAULT 0 COMMENT '0正常,1隐藏',
  PRIMARY KEY (`id`) USING BTREE
) ENGINE = InnoDB CHARACTER SET = utf8mb4 COLLATE = utf8mb4_0900_ai_ci COMMENT = '管理用户' ROW_FORMAT = Dynamic;

-- ----------------------------
-- Records of sys_user
-- ----------------------------
INSERT INTO `sys_user` VALUES ('10001', 'admin', 'admin', '06681cd08837b21adf6b5ef9279d403d', 'XoFFuS', 'sa', '1594322343769952257', '2022-10-04 13:51:03', '2022-10-04 13:51:03', 0, 0);
INSERT INTO `sys_user` VALUES ('1252125239901696002', 'person', '张三', '6dfdd6761a3e8319719f32abb9aeae9c', 'tZCjLq', 'student', '1318103339229106178', '2022-10-04 14:41:35', '2022-10-04 14:41:35', 0, 0);
INSERT INTO `sys_user` VALUES ('1577193264449081345', '1234', '123', '776645b8891779eb97bddbd34748823d', 'RVdUbD', 'student', '', '2022-10-04 15:05:52', '2022-10-04 15:05:52', 0, 0);

-- ----------------------------
-- Table structure for sys_user_role
-- ----------------------------
DROP TABLE IF EXISTS `sys_user_role`;
CREATE TABLE `sys_user_role`  (
  `id` varchar(32) CHARACTER SET utf8mb4 COLLATE utf8mb4_0900_ai_ci NOT NULL COMMENT 'ID',
  `user_id` varchar(32) CHARACTER SET utf8mb4 COLLATE utf8mb4_0900_ai_ci NOT NULL COMMENT '用户ID',
  `role_id` varchar(32) CHARACTER SET utf8mb4 COLLATE utf8mb4_0900_ai_ci NOT NULL COMMENT '角色ID',
  PRIMARY KEY (`id`) USING BTREE
) ENGINE = InnoDB CHARACTER SET = utf8mb4 COLLATE = utf8mb4_0900_ai_ci COMMENT = '用户角色' ROW_FORMAT = Dynamic;

-- ----------------------------
-- Records of sys_user_role
-- ----------------------------
INSERT INTO `sys_user_role` VALUES ('1318128865264132097', '1252125239901696002', 'student');
INSERT INTO `sys_user_role` VALUES ('1577138440093343745', '1577138439778770946', 'student');
INSERT INTO `sys_user_role` VALUES ('1577193264822374401', '1577193264449081345', 'student');
INSERT INTO `sys_user_role` VALUES ('1579736339524423681', '1579735227962560513', 'student');
INSERT INTO `sys_user_role` VALUES ('1579737110529773571', '1579737110529773570', 'sa');
INSERT INTO `sys_user_role` VALUES ('1579738346331115522', '1579738346331115521', 'student');
INSERT INTO `sys_user_role` VALUES ('1579744013980864514', '1579744013980864513', 'sa');
INSERT INTO `sys_user_role` VALUES ('1579744070880792578', '1579744070813683714', 'student');
INSERT INTO `sys_user_role` VALUES ('1594322379610279938', '10001', 'sa');

SET FOREIGN_KEY_CHECKS = 1;
